day,sales,unique_buyers
2024_05_26,43,39
2024_05_25,547,447
2024_05_24,627,521
2024_05_23,664,549
2024_05_22,689,535
2024_05_21,525,419
2024_05_20,384,320
2024_05_19,33,28
2024_05_18,644,501
2024_05_17,727,587
2024_05_16,661,531
2024_05_15,671,544
2024_05_14,691,551
2024_05_13,524,414
2024_05_12,35,31
2024_05_11,539,434
2024_05_10,445,378
2024_05_09,495,397
2024_05_08,608,485
2024_05_07,666,528
2024_05_06,580,463
2024_05_05,20,19
2024_05_04,510,403
2024_05_03,598,480
2024_05_02,475,388
2024_05_01,474,372
2024_04_30,665,499
2024_04_29,589,475
2024_04_28,46,42
2024_04_27,557,445
2024_04_26,644,508
2024_04_25,664,534
2024_04_24,634,507
2024_04_23,754,593
2024_04_22,628,483
2024_04_21,41,38
2024_04_20,655,513
2024_04_19,648,533
2024_04_18,705,566
2024_04_17,689,538
2024_04_16,715,532
2024_04_15,575,466
2024_04_14,41,38
2024_04_13,620,468
2024_04_12,643,513
2024_04_11,660,507
2024_04_10,645,518
2024_04_09,669,511
2024_04_08,537,442
2024_04_07,41,37
2024_04_06,550,422
2024_04_05,611,502
2024_04_04,670,491
2024_04_03,567,444
2024_04_02,391,329
2024_04_01,283,243
2024_03_31,20,17
2024_03_30,386,321
2024_03_29,718,562
2024_03_28,510,405
2024_03_27,682,539
2024_03_26,652,516
2024_03_25,592,427
2024_03_24,53,48
2024_03_23,647,466
2024_03_22,627,490
2024_03_21,628,485
2024_03_20,600,483
2024_03_19,671,519
2024_03_18,571,452
2024_03_17,30,24
2024_03_16,561,439
2024_03_15,595,492
2024_03_14,590,477
2024_03_13,627,510
2024_03_12,635,512
2024_03_11,564,460
2024_03_10,30,28
2024_03_09,583,427
2024_03_08,588,486
2024_03_07,644,510
2024_03_06,619,507
2024_03_05,652,525
2024_03_04,535,450
2024_03_03,31,26
2024_03_02,586,448
2024_03_01,722,569
2024_02_29,625,493
2024_02_28,621,510
2024_02_27,678,547
2024_02_26,619,482
2024_02_25,51,36
2024_02_24,611,477
2024_02_23,710,550
2024_02_22,692,539
2024_02_21,687,537
2024_02_20,701,537
2024_02_19,575,462
2024_02_18,33,28
2024_02_17,627,467
2024_02_16,642,492
2024_02_15,576,479
2024_02_14,581,463
2024_02_13,688,532
2024_02_12,558,459
2024_02_11,38,34
2024_02_10,597,469
2024_02_09,622,504
2024_02_08,625,508
2024_02_07,600,476
2024_02_06,625,510
2024_02_05,539,447
2024_02_04,34,31
2024_02_03,589,450
2024_02_02,563,461
2024_02_01,598,485
2024_01_31,602,500
2024_01_30,620,498
2024_01_29,556,454
2024_01_28,71,61
2024_01_27,531,400
2024_01_26,643,509
2024_01_25,591,474
2024_01_24,557,440
2024_01_23,642,494
2024_01_22,541,436
2024_01_21,42,34
2024_01_20,542,423
2024_01_19,563,450
2024_01_18,546,458
2024_01_17,587,462
2024_01_16,641,486
2024_01_15,499,395
2024_01_14,41,36
2024_01_13,533,419
2024_01_12,557,451
2024_01_11,491,394
2024_01_10,521,437
2024_01_09,539,428
2024_01_08,427,355
2024_01_07,52,45
2024_01_06,507,397
2024_01_05,595,447
2024_01_04,522,424
2024_01_03,419,351
2024_01_02,301,265
2024_01_01,249,194
2023_12_31,41,36
2023_12_30,362,292
2023_12_29,336,281
2023_12_28,449,356
2023_12_27,326,274
2023_12_26,247,202
2023_12_25,306,230
2023_12_24,26,22
2023_12_23,445,336
2023_12_22,509,398
2023_12_21,502,401
2023_12_20,449,373
2023_12_19,488,393
2023_12_18,442,346
2023_12_17,30,27
2023_12_16,430,358
2023_12_15,485,399
2023_12_14,513,409
2023_12_13,497,393
2023_12_12,488,397
2023_12_11,388,315
2023_12_10,29,27
2023_12_09,416,325
2023_12_08,446,384
2023_12_07,437,371
2023_12_06,540,398
2023_12_05,423,344
2023_12_04,390,319
2023_12_03,35,30
2023_12_02,433,345
2023_12_01,453,385
2023_11_30,480,377
2023_11_29,477,392
2023_11_28,501,409
2023_11_27,466,379
2023_11_26,28,26
2023_11_25,435,337
2023_11_24,583,449
2023_11_23,472,386
2023_11_22,537,441
2023_11_21,585,456
2023_11_20,453,365
2023_11_19,33,27
2023_11_18,515,416
2023_11_17,473,396
2023_11_16,564,430
2023_11_15,497,400
2023_11_14,649,526
2023_11_13,526,447
2023_11_12,33,30
2023_11_11,534,441
2023_11_10,574,469
2023_11_09,570,459
2023_11_08,619,456
2023_11_07,616,483
2023_11_06,579,485
2023_11_05,33,28
2023_11_04,489,377
2023_11_03,565,453
2023_11_02,494,421
2023_11_01,460,371
2023_10_31,610,469
2023_10_30,537,430
2023_10_29,28,26
2023_10_28,595,444
2023_10_27,591,474
2023_10_26,554,441
2023_10_25,538,434
2023_10_24,688,528
2023_10_23,489,413
2023_10_22,39,35
2023_10_21,522,406
2023_10_20,581,476
2023_10_19,572,452
2023_10_18,492,409
2023_10_17,661,506
2023_10_16,477,400
2023_10_15,20,20
2023_10_14,518,406
2023_10_13,638,499
2023_10_12,626,505
2023_10_11,505,395
2023_10_10,598,489
2023_10_09,492,417
2023_10_08,19,19
2023_10_07,514,392
2023_10_06,545,456
2023_10_05,515,426
2023_10_04,423,343
2023_10_03,423,359
2023_10_02,478,410
2023_10_01,34,29
2023_09_30,448,368
2023_09_29,530,430
2023_09_28,565,456
2023_09_27,492,415
2023_09_26,583,469
2023_09_25,511,387
2023_09_24,27,26
2023_09_23,451,353
2023_09_22,581,479
2023_09_21,518,425
2023_09_20,539,424
2023_09_19,551,437
2023_09_18,522,424
2023_09_17,21,21
2023_09_16,379,305
2023_09_15,481,393
2023_09_14,537,432
2023_09_13,515,428
2023_09_12,649,497
2023_09_11,309,257
2023_09_10,19,17
2023_09_09,466,342
2023_09_08,489,391
2023_09_07,537,429
2023_09_06,494,410
2023_09_05,568,450
2023_09_04,506,414
2023_09_03,27,22
2023_09_02,369,300
2023_09_01,538,414
2023_08_31,517,409
2023_08_30,550,435
2023_08_29,508,416
2023_08_28,488,402
2023_08_27,28,26
2023_08_26,416,325
2023_08_25,531,436
2023_08_24,521,420
2023_08_23,455,372
2023_08_22,489,395
2023_08_21,434,362
2023_08_20,38,26
2023_08_19,440,348
2023_08_18,514,409
2023_08_17,502,397
2023_08_16,467,367
2023_08_15,521,392
2023_08_14,410,323
2023_08_13,18,18
2023_08_12,462,361
2023_08_11,510,413
2023_08_10,500,397
2023_08_09,446,366
2023_08_08,479,397
2023_08_07,400,333
2023_08_06,32,28
2023_08_05,468,355
2023_08_04,528,411
2023_08_03,486,399
2023_08_02,473,383
2023_08_01,501,383
2023_07_31,449,383
2023_07_30,31,27
2023_07_29,473,370
2023_07_28,527,415
2023_07_27,519,411
2023_07_26,502,404
2023_07_25,514,409
2023_07_24,518,400
2023_07_23,26,23
2023_07_22,467,361
2023_07_21,585,429
2023_07_20,494,394
2023_07_19,499,392
2023_07_18,475,377
2023_07_17,442,358
2023_07_16,10,9
2023_07_15,465,354
2023_07_14,520,411
2023_07_13,459,365
2023_07_12,452,354
2023_07_11,515,400
2023_07_10,492,395
2023_07_09,20,18
2023_07_08,459,362
2023_07_07,510,386
2023_07_06,512,412
2023_07_05,431,329
2023_07_04,490,405
2023_07_03,517,397
2023_07_02,13,10
2023_07_01,445,341
2023_06_30,489,406
2023_06_29,502,409
2023_06_28,508,410
2023_06_27,491,409
2023_06_26,449,364
2023_06_25,20,20
2023_06_24,396,307
2023_06_23,518,402
2023_06_22,516,406
2023_06_21,454,359
2023_06_20,539,423
2023_06_19,526,413
2023_06_18,19,17
2023_06_17,495,374
2023_06_16,504,398
2023_06_15,527,408
2023_06_14,487,398
2023_06_13,558,418
2023_06_12,504,402
2023_06_11,15,11
2023_06_10,476,366
2023_06_09,588,465
2023_06_08,435,344
2023_06_07,511,399
2023_06_06,667,497
2023_06_05,520,417
2023_06_04,18,17
2023_06_03,504,369
2023_06_02,555,432
2023_06_01,484,382
2023_05_31,482,380
2023_05_30,457,368
2023_05_29,300,232
2023_05_28,21,20
2023_05_27,520,402
2023_05_26,521,426
2023_05_25,550,439
2023_05_24,572,446
2023_05_23,590,476
2023_05_22,565,431
2023_05_21,16,15
2023_05_20,350,266
2023_05_19,462,367
2023_05_18,431,346
2023_05_17,543,425
2023_05_16,598,487
2023_05_15,513,412
2023_05_14,23,22
2023_05_13,412,320
2023_05_12,535,440
2023_05_11,535,458
2023_05_10,524,430
2023_05_09,526,428
2023_05_08,484,388
2023_05_07,27,26
2023_05_06,480,381
2023_05_05,524,407
2023_05_04,504,408
2023_05_03,495,418
2023_05_02,376,317
2023_05_01,286,228
2023_04_30,18,18
2023_04_29,512,392
2023_04_28,536,445
2023_04_27,510,422
2023_04_26,517,432
2023_04_25,532,433
2023_04_24,511,399
2023_04_23,25,23
2023_04_22,424,323
2023_04_21,534,422
2023_04_20,535,405
2023_04_19,463,378
2023_04_18,509,413
2023_04_17,506,408
2023_04_16,18,17
2023_04_15,542,432
2023_04_14,544,421
2023_04_13,541,417
2023_04_12,498,403
2023_04_11,361,307
2023_04_10,238,197
2023_04_09,22,20
2023_04_08,296,249
2023_04_07,332,274
2023_04_06,468,391
2023_04_05,486,389
2023_04_04,511,423
2023_04_03,448,392
2023_04_02,12,11
2023_04_01,484,376
2023_03_31,547,444
2023_03_30,422,352
2023_03_29,560,443
2023_03_28,552,444
2023_03_27,466,388
2023_03_26,26,26
2023_03_25,500,387
2023_03_24,528,432
2023_03_23,561,447
2023_03_22,509,414
2023_03_21,535,433
2023_03_20,441,376
2023_03_19,17,14
2023_03_18,412,316
2023_03_17,510,410
2023_03_16,479,382
2023_03_15,461,402
2023_03_14,485,408
2023_03_13,456,388
2023_03_12,21,18
2023_03_11,468,389
2023_03_10,498,416
2023_03_09,441,376
2023_03_08,459,367
2023_03_07,528,437
2023_03_06,431,357
2023_03_05,28,26
2023_03_04,452,369
2023_03_03,489,393
2023_03_02,502,386
2023_03_01,494,415
2023_02_28,544,435
2023_02_27,463,401
2023_02_26,33,30
2023_02_25,492,386
2023_02_24,556,448
2023_02_23,615,484
2023_02_22,445,359
2023_02_21,599,484
2023_02_20,500,404
2023_02_19,24,24
2023_02_18,505,405
2023_02_17,585,489
2023_02_16,518,409
2023_02_15,526,427
2023_02_14,510,423
2023_02_13,511,403
2023_02_12,27,24
2023_02_11,482,386
2023_02_10,524,439
2023_02_09,459,392
2023_02_08,441,371
2023_02_07,478,398
2023_02_06,484,392
2023_02_05,84,79
2023_02_04,361,299
2023_02_03,496,396
2023_02_02,562,445
2023_02_01,462,380
2023_01_31,488,414
2023_01_30,483,401
2023_01_29,22,21
2023_01_28,488,404
2023_01_27,524,441
2023_01_26,455,393
2023_01_25,522,436
2023_01_24,581,489
2023_01_23,447,360
2023_01_22,27,25
2023_01_21,461,372
2023_01_20,511,422
2023_01_19,509,433
2023_01_18,475,383
2023_01_17,479,388
2023_01_16,518,437
2023_01_15,30,29
2023_01_14,469,382
2023_01_13,520,429
2023_01_12,491,406
2023_01_11,458,397
2023_01_10,477,380
2023_01_09,482,405
2023_01_08,18,17
2023_01_07,336,274
2023_01_06,431,343
2023_01_05,433,371
2023_01_04,419,359
2023_01_03,367,298
2023_01_02,342,270
2023_01_01,20,13
2022_12_31,304,234
2022_12_30,567,362
2022_12_29,396,317
2022_12_28,319,278
2022_12_27,319,276
2022_12_26,164,128
2022_12_25,14,11
2022_12_24,216,184
2022_12_23,372,312
2022_12_22,405,335
2022_12_21,338,299
2022_12_20,358,300
2022_12_19,379,314
2022_12_18,12,12
2022_12_17,303,256
2022_12_16,409,347
2022_12_15,392,326
2022_12_14,408,349
2022_12_13,424,359
2022_12_12,387,316
2022_12_11,32,22
2022_12_10,317,263
2022_12_09,441,364
2022_12_08,418,343
2022_12_07,417,348
2022_12_06,406,350
2022_12_05,431,378
2022_12_04,25,23
2022_12_03,425,344
2022_12_02,477,406
2022_12_01,439,369
2022_11_30,472,395
2022_11_29,482,404
2022_11_28,495,402
2022_11_27,23,18
2022_11_26,434,358
2022_11_25,488,414
2022_11_24,469,401
2022_11_23,502,431
2022_11_22,565,448
2022_11_21,453,383
2022_11_20,15,12
2022_11_19,520,427
2022_11_18,570,475
2022_11_17,489,406
2022_11_16,484,406
2022_11_15,498,414
2022_11_14,519,427
2022_11_13,20,20
2022_11_12,463,369
2022_11_11,523,431
2022_11_10,429,356
2022_11_09,500,415
2022_11_08,482,409
2022_11_07,513,421
2022_11_06,23,21
2022_11_05,479,400
2022_11_04,496,431
2022_11_03,539,441
2022_11_02,457,386
2022_11_01,434,356
2022_10_31,477,402
2022_10_30,18,15
2022_10_29,418,351
2022_10_28,483,400
2022_10_27,529,426
2022_10_26,502,427
2022_10_25,529,435
2022_10_24,518,417
2022_10_23,20,18
2022_10_22,410,337
2022_10_21,544,446
2022_10_20,477,393
2022_10_19,477,391
2022_10_18,493,421
2022_10_17,488,405
2022_10_16,21,21
2022_10_15,528,421
2022_10_14,541,444
2022_10_13,484,409
2022_10_12,521,423
2022_10_11,508,431
2022_10_10,487,388
2022_10_09,25,20
2022_10_08,443,359
2022_10_07,512,429
2022_10_06,516,435
2022_10_05,514,425
2022_10_04,446,351
2022_10_03,293,254
2022_10_02,30,27
2022_10_01,423,340
2022_09_30,554,452
2022_09_29,489,421
2022_09_28,533,446
2022_09_27,570,463
2022_09_26,526,446
2022_09_25,24,20
2022_09_24,444,355
2022_09_23,554,455
2022_09_22,488,384
2022_09_21,506,432
2022_09_20,513,425
2022_09_19,509,426
2022_09_18,25,23
2022_09_17,461,375
2022_09_16,534,436
2022_09_15,492,431
2022_09_14,543,440
2022_09_13,547,477
2022_09_12,508,427
2022_09_11,33,23
2022_09_10,453,392
2022_09_09,565,460
2022_09_08,471,398
2022_09_07,533,439
2022_09_06,578,465
2022_09_05,547,450
2022_09_04,29,26
2022_09_03,422,335
2022_09_02,564,448
2022_09_01,547,449
2022_08_31,533,435
2022_08_30,611,498
2022_08_29,539,446
2022_08_28,29,23
2022_08_27,455,370
2022_08_26,538,440
2022_08_25,526,418
2022_08_24,482,401
2022_08_23,598,495
2022_08_22,571,443
2022_08_21,30,25
2022_08_20,442,361
2022_08_19,590,475
2022_08_18,516,422
2022_08_17,534,432
2022_08_16,589,482
2022_08_15,475,397
2022_08_14,31,27
2022_08_13,443,351
2022_08_12,528,422
2022_08_11,525,431
2022_08_10,528,442
2022_08_09,597,460
2022_08_08,513,422
2022_08_07,33,26
2022_08_06,402,315
2022_08_05,524,420
2022_08_04,568,424
2022_08_03,551,447
2022_08_02,602,482
2022_08_01,476,388
2022_07_31,27,24
2022_07_30,396,326
2022_07_29,568,456
2022_07_28,555,445
2022_07_27,584,454
2022_07_26,584,452
2022_07_25,468,388
2022_07_24,15,15
2022_07_23,425,356
2022_07_22,599,475
2022_07_21,506,412
2022_07_20,558,445
2022_07_19,590,471
2022_07_18,551,436
2022_07_17,21,20
2022_07_16,449,352
2022_07_15,575,475
2022_07_14,535,441
2022_07_13,543,458
2022_07_12,547,466
2022_07_11,482,403
2022_07_10,22,20
2022_07_09,445,352
2022_07_08,576,476
2022_07_07,572,455
2022_07_06,573,437
2022_07_05,604,471
2022_07_04,502,423
2022_07_03,19,17
2022_07_02,400,320
2022_07_01,614,471
2022_06_30,551,452
2022_06_29,571,457
2022_06_28,606,475
2022_06_27,515,413
2022_06_26,20,18
2022_06_25,429,317
2022_06_24,561,447
2022_06_23,548,437
2022_06_22,595,464
2022_06_21,641,501
2022_06_20,561,452
2022_06_19,23,18
2022_06_18,495,411
2022_06_17,533,420
2022_06_16,474,399
2022_06_15,620,486
2022_06_14,519,422
2022_06_13,568,469
2022_06_12,18,16
2022_06_11,509,396
2022_06_10,571,470
2022_06_09,588,480
2022_06_08,601,488
2022_06_07,561,444
2022_06_06,283,233
2022_06_05,29,23
2022_06_04,481,384
2022_06_03,564,470
2022_06_02,552,460
2022_06_01,623,509
2022_05_31,681,543
2022_05_30,602,481
2022_05_29,22,20
2022_05_28,470,376
2022_05_27,503,419
2022_05_26,339,276
2022_05_25,593,480
2022_05_24,625,478
2022_05_23,616,502
2022_05_22,30,27
2022_05_21,547,432
2022_05_20,702,550
2022_05_19,596,478
2022_05_18,566,470
2022_05_17,556,450
2022_05_16,526,426
2022_05_15,46,43
2022_05_14,447,349
2022_05_13,582,482
2022_05_12,552,452
2022_05_11,568,454
2022_05_10,596,495
2022_05_09,575,473
2022_05_08,24,21
2022_05_07,493,391
2022_05_06,606,499
2022_05_05,568,467
2022_05_04,582,464
2022_05_03,607,471
2022_05_02,632,496
2022_04_30,524,413
2022_04_29,529,444
2022_04_28,566,479
2022_04_27,586,492
2022_04_26,558,435
2022_04_25,576,469
2022_04_24,31,25
2022_04_23,500,385
2022_04_22,592,464
2022_04_21,582,467
2022_04_20,543,447
2022_04_19,426,352
2022_04_18,184,149
2022_04_17,23,18
2022_04_16,280,238
2022_04_15,337,271
2022_04_14,538,442
2022_04_13,529,431
2022_04_12,556,454
2022_04_11,588,469
2022_04_10,32,26
2022_04_09,455,389
2022_04_08,509,432
2022_04_07,568,474
2022_04_06,524,439
2022_04_05,611,503
2022_04_04,582,466
2022_04_03,50,40
2022_04_02,512,408
2022_04_01,631,494
2022_03_31,624,493
2022_03_30,599,475
2022_03_29,665,511
2022_03_28,534,455
2022_03_27,19,17
2022_03_26,480,388
2022_03_25,543,439
2022_03_24,597,449
2022_03_23,526,435
2022_03_22,585,463
2022_03_21,576,474
2022_03_20,40,39
2022_03_19,527,420
2022_03_18,549,455
2022_03_17,550,467
2022_03_16,574,465
2022_03_15,606,481
2022_03_14,573,450
2022_03_13,32,26
2022_03_12,514,399
2022_03_11,496,404
2022_03_10,550,448
2022_03_09,498,395
2022_03_08,505,420
2022_03_07,518,416
2022_03_06,41,30
2022_03_05,490,404
2022_03_04,573,454
2022_03_03,523,416
2022_03_02,565,456
2022_03_01,527,427
2022_02_28,566,452
2022_02_27,44,41
2022_02_26,434,356
2022_02_25,566,436
2022_02_24,529,416
2022_02_23,553,449
2022_02_22,642,507
2022_02_21,619,491
2022_02_20,30,28
2022_02_19,532,423
2022_02_18,729,572
2022_02_17,587,486
2022_02_16,673,536
2022_02_15,683,527
2022_02_14,654,506
2022_02_13,31,27
2022_02_12,496,418
2022_02_11,575,472
2022_02_10,547,443
2022_02_09,595,481
2022_02_08,681,556
2022_02_07,646,519
2022_02_06,28,25
2022_02_05,568,444
2022_02_04,566,470
2022_02_03,541,448
2022_02_02,597,496
2022_02_01,637,502
2022_01_31,637,510
2022_01_30,23,22
2022_01_29,549,424
2022_01_28,549,442
2022_01_27,554,451
2022_01_26,670,514
2022_01_25,623,513
2022_01_24,633,506
2022_01_23,29,25
2022_01_22,543,444
2022_01_21,654,521
2022_01_20,580,473
2022_01_19,604,497
2022_01_18,680,545
2022_01_17,671,530
2022_01_16,35,29
2022_01_15,573,474
2022_01_14,850,649
2022_01_13,447,356
2022_01_12,617,471
2022_01_11,725,531
2022_01_10,634,493
2022_01_09,44,32
2022_01_08,660,504
2022_01_07,684,544
2022_01_06,632,493
2022_01_05,681,528
2022_01_04,647,506
2022_01_03,586,463
2022_01_02,39,31
2022_01_01,155,124
2021_12_31,420,334
2021_12_30,665,515
2021_12_29,647,490
2021_12_28,542,438
2021_12_27,440,361
2021_12_26,32,24
2021_12_25,162,136
2021_12_24,270,219
2021_12_23,541,418
2021_12_22,554,434
2021_12_21,555,432
2021_12_20,523,439
2021_12_19,30,29
2021_12_18,446,366
2021_12_17,549,451
2021_12_16,555,419
2021_12_15,589,454
2021_12_14,565,435
2021_12_13,538,450
2021_12_12,28,25
2021_12_11,492,401
2021_12_10,570,448
2021_12_09,468,392
2021_12_08,598,469
2021_12_07,651,512
2021_12_06,568,445
2021_12_05,13,13
2021_12_04,512,427
2021_12_03,612,509
2021_12_02,613,479
2021_12_01,574,460
2021_11_30,638,494
2021_11_29,583,469
2021_11_28,21,19
2021_11_27,481,396
2021_11_26,612,495
2021_11_25,585,463
2021_11_24,584,473
2021_11_23,622,523
2021_11_22,615,483
2021_11_21,28,20
2021_11_20,518,451
2021_11_19,651,531
2021_11_18,625,494
2021_11_17,650,517
2021_11_16,649,519
2021_11_15,673,522
2021_11_14,19,19
2021_11_13,530,422
2021_11_12,670,544
2021_11_11,566,465
2021_11_10,679,537
2021_11_09,707,558
2021_11_08,652,515
2021_11_07,23,20
2021_11_06,601,467
2021_11_05,701,570
2021_11_04,610,498
2021_11_03,660,514
2021_11_02,612,469
2021_11_01,522,407
2021_10_31,22,22
2021_10_30,577,457
2021_10_29,675,548
2021_10_28,652,546
2021_10_27,721,580
2021_10_26,744,554
2021_10_25,676,523
2021_10_24,30,29
2021_10_23,520,441
2021_10_22,752,589
2021_10_21,886,671
2021_10_20,548,412
2021_10_19,744,583
2021_10_18,682,560
2021_10_17,28,25
2021_10_16,556,456
2021_10_15,786,645
2021_10_14,735,596
2021_10_13,730,576
2021_10_12,710,562
2021_10_11,654,543
2021_10_10,23,20
2021_10_09,540,432
2021_10_08,697,572
2021_10_07,739,574
2021_10_06,743,587
2021_10_05,742,565
2021_10_04,653,555
2021_10_03,27,24
2021_10_02,549,437
2021_10_01,721,572
2021_09_30,686,553
2021_09_29,698,546
2021_09_28,691,542
2021_09_27,653,532
2021_09_26,31,26
2021_09_25,564,455
2021_09_24,699,558
2021_09_23,723,585
2021_09_22,652,528
2021_09_21,687,554
2021_09_20,660,536
2021_09_19,31,29
2021_09_18,511,408
2021_09_17,663,530
2021_09_16,684,538
2021_09_15,685,557
2021_09_14,682,546
2021_09_13,636,506
2021_09_12,26,24
2021_09_11,583,474
2021_09_10,710,585
2021_09_09,705,555
2021_09_08,737,589
2021_09_07,734,578
2021_09_06,729,590
2021_09_05,18,18
2021_09_04,528,415
2021_09_03,657,515
2021_09_02,662,535
2021_09_01,704,570
2021_08_31,733,557
2021_08_30,709,556
2021_08_29,28,27
2021_08_28,635,507
2021_08_27,719,578
2021_08_26,729,567
2021_08_25,750,574
2021_08_24,752,570
2021_08_23,679,531
2021_08_22,40,34
2021_08_21,531,440
2021_08_20,656,508
2021_08_19,716,558
2021_08_18,692,550
2021_08_17,688,524
2021_08_16,654,499
2021_08_15,17,17
2021_08_14,529,434
2021_08_13,712,566
2021_08_12,739,559
2021_08_11,685,521
2021_08_10,648,506
2021_08_09,652,526
2021_08_08,27,26
2021_08_07,529,408
2021_08_06,691,543
2021_08_05,758,555
2021_08_04,662,562
2021_08_03,712,546
2021_08_02,576,461
2021_08_01,26,23
2021_07_31,581,457
2021_07_30,656,540
2021_07_29,688,536
2021_07_28,682,534
2021_07_27,684,544
2021_07_26,678,528
2021_07_25,22,22
2021_07_24,556,455
2021_07_23,778,596
2021_07_22,695,530
2021_07_21,662,520
2021_07_20,691,516
2021_07_19,675,534
2021_07_18,17,17
2021_07_17,547,433
2021_07_16,682,551
2021_07_15,702,526
2021_07_14,650,532
2021_07_13,677,523
2021_07_12,648,531
2021_07_11,11,11
2021_07_10,512,415
2021_07_09,683,540
2021_07_08,684,539
2021_07_07,651,505
2021_07_06,675,528
2021_07_05,661,533
2021_07_04,22,21
2021_07_03,611,477
2021_07_02,676,510
2021_07_01,688,536
2021_06_30,717,567
2021_06_29,570,469
2021_06_28,697,546
2021_06_27,20,19
2021_06_26,580,444
2021_06_25,696,555
2021_06_24,685,535
2021_06_23,667,516
2021_06_22,642,503
2021_06_21,656,528
2021_06_20,15,15
2021_06_19,564,461
2021_06_18,645,518
2021_06_17,673,533
2021_06_16,665,515
2021_06_15,676,531
2021_06_14,681,513
2021_06_13,16,15
2021_06_12,609,471
2021_06_11,718,545
2021_06_10,723,574
2021_06_09,720,568
2021_06_08,717,543
2021_06_07,711,554
2021_06_06,28,26
2021_06_05,593,467
2021_06_04,598,485
2021_06_03,637,474
2021_06_02,670,518
2021_06_01,685,544
2021_05_31,700,568
2021_05_30,21,18
2021_05_29,558,454
2021_05_28,741,578
2021_05_27,696,533
2021_05_26,717,550
2021_05_25,568,465
2021_05_24,409,325
2021_05_23,20,20
2021_05_22,663,512
2021_05_21,660,532
2021_05_20,752,594
2021_05_19,711,568
2021_05_18,743,576
2021_05_17,699,549
2021_05_16,47,46
2021_05_15,594,475
2021_05_14,613,487
2021_05_13,531,409
2021_05_12,677,547
2021_05_11,714,559
2021_05_10,760,586
2021_05_09,13,13
2021_05_08,641,487
2021_05_07,688,551
2021_05_06,723,554
2021_05_05,679,537
2021_05_04,628,494
2021_05_03,628,514
2021_05_02,25,20
2021_05_01,417,343
2021_04_30,686,570
2021_04_29,673,569
2021_04_28,688,544
2021_04_27,647,546
2021_04_26,718,550
2021_04_25,27,27
2021_04_24,544,445
2021_04_23,642,529
2021_04_22,647,507
2021_04_21,666,549
2021_04_20,640,520
2021_04_19,676,550
2021_04_18,57,53
2021_04_17,518,418
2021_04_16,649,533
2021_04_15,618,502
2021_04_14,688,548
2021_04_13,666,531
2021_04_12,652,517
2021_04_11,24,23
2021_04_10,658,526
2021_04_09,678,543
2021_04_08,701,568
2021_04_07,661,521
2021_04_06,438,367
2021_04_05,331,259
2021_04_04,24,20
2021_04_03,430,362
2021_04_02,416,338
2021_04_01,604,494
2021_03_31,636,494
2021_03_30,921,708
2021_03_29,465,369
2021_03_28,26,21
2021_03_27,599,475
2021_03_26,620,505
2021_03_25,605,493
2021_03_24,610,500
2021_03_23,649,515
2021_03_22,621,498
2021_03_21,28,24
2021_03_20,621,497
2021_03_19,600,487
2021_03_18,718,553
2021_03_17,637,521
2021_03_16,693,548
2021_03_15,680,530
2021_03_14,33,31
2021_03_13,655,525
2021_03_12,696,540
2021_03_11,680,552
2021_03_10,646,538
2021_03_09,663,550
2021_03_08,632,517
2021_03_07,32,26
2021_03_06,605,485
2021_03_05,618,491
2021_03_04,662,522
2021_03_03,620,477
2021_03_02,599,489
2021_03_01,607,485
2021_02_28,27,23
2021_02_27,564,447
2021_02_26,593,481
2021_02_25,567,466
2021_02_24,537,417
2021_02_23,527,440
2021_02_22,536,443
2021_02_21,28,18
2021_02_20,499,405
2021_02_19,477,407
2021_02_18,518,422
2021_02_17,441,376
2021_02_16,482,406
2021_02_15,480,394
2021_02_14,17,13
2021_02_13,500,392
2021_02_12,555,458
2021_02_11,463,392
2021_02_10,436,365
2021_02_09,492,398
2021_02_08,556,468
2021_02_07,29,27
2021_02_06,523,431
2021_02_05,568,462
2021_02_04,519,424
2021_02_03,519,421
2021_02_02,539,436
2021_02_01,602,480
2021_01_31,13,11
2021_01_30,535,445
2021_01_29,530,430
2021_01_28,568,467
2021_01_27,531,433
2021_01_26,526,424
2021_01_25,553,442
2021_01_24,51,50
2021_01_23,485,398
2021_01_22,508,442
2021_01_21,490,389
2021_01_20,521,440
2021_01_19,488,392
2021_01_18,585,492
2021_01_17,33,32
2021_01_16,464,369
2021_01_15,485,407
2021_01_14,500,396
2021_01_13,473,401
2021_01_12,470,365
2021_01_11,553,450
2021_01_10,17,17
2021_01_09,419,353
2021_01_08,478,393
2021_01_07,469,363
2021_01_06,441,363
2021_01_05,410,341
2021_01_04,520,420
2021_01_03,25,25
2021_01_02,1739,1077
2020_12_30,2,2
2020_12_29,107,97
2020_12_28,335,288
2020_12_27,16,15
2020_12_26,130,92
2020_12_25,148,117
2020_12_24,267,223
2020_12_23,387,314
2020_12_22,432,350
2020_12_21,417,340
2020_12_20,27,20
2020_12_19,308,257
2020_12_18,359,317
2020_12_17,398,342
2020_12_16,521,420
2020_12_15,546,443
2020_12_14,547,451
2020_12_13,14,14
2020_12_12,469,389
2020_12_11,479,406
2020_12_10,564,460
2020_12_09,482,414
2020_12_08,519,423
2020_12_07,523,442
2020_12_06,42,42
2020_12_05,432,351
2020_12_04,525,433
2020_12_03,507,422
2020_12_02,481,406
2020_12_01,517,419
2020_11_30,630,513
2020_11_29,15,14
2020_11_28,478,369
2020_11_27,552,452
2020_11_26,543,462
2020_11_25,569,479
2020_11_24,690,518
2020_11_23,633,521
2020_11_22,17,14
2020_11_21,495,408
2020_11_20,610,500
2020_11_19,554,461
2020_11_18,526,427
2020_11_17,539,423
2020_11_16,612,498
2020_11_15,24,21
2020_11_14,541,433
2020_11_13,595,492
2020_11_12,558,464
2020_11_11,497,413
2020_11_10,557,460
2020_11_09,604,483
2020_11_08,18,18
2020_11_07,506,418
2020_11_06,586,493
2020_11_05,618,486
2020_11_04,562,445
2020_11_03,516,435
2020_11_02,625,509
2020_11_01,22,20
2020_10_31,475,370
2020_10_30,592,476
2020_10_29,641,517
2020_10_28,550,458
2020_10_27,620,504
2020_10_26,652,533
2020_10_25,47,41
2020_10_24,442,353
2020_10_23,633,513
2020_10_22,570,462
2020_10_21,553,423
2020_10_20,642,509
2020_10_19,664,499
2020_10_18,18,18
2020_10_17,541,394
2020_10_16,623,489
2020_10_15,618,485
2020_10_14,623,506
2020_10_13,625,498
2020_10_12,613,488
2020_10_11,20,20
2020_10_10,556,439
2020_10_09,609,482
2020_10_08,557,465
2020_10_07,615,469
2020_10_06,627,497
2020_10_05,536,415
2020_10_04,41,33
2020_10_03,409,310
2020_10_02,659,523
2020_10_01,625,493
2020_09_30,644,510
2020_09_29,600,485
2020_09_28,597,470
2020_09_27,15,15
2020_09_26,508,404
2020_09_25,613,503
2020_09_24,621,485
2020_09_23,619,481
2020_09_22,574,454
2020_09_21,599,483
2020_09_20,12,10
2020_09_19,501,404
2020_09_18,599,480
2020_09_17,641,493
2020_09_16,538,425
2020_09_15,579,442
2020_09_14,600,478
2020_09_13,16,10
2020_09_12,477,389
2020_09_11,610,479
2020_09_10,573,459
2020_09_09,547,430
2020_09_08,646,500
2020_09_07,611,482
2020_09_06,33,32
2020_09_05,467,373
2020_09_04,596,474
2020_09_03,593,470
2020_09_02,599,464
2020_09_01,709,532
2020_08_31,537,416
2020_08_30,14,12
2020_08_29,554,444
2020_08_28,594,461
2020_08_27,597,484
2020_08_26,574,480
2020_08_25,592,466
2020_08_24,576,462
2020_08_23,12,12
2020_08_22,497,398
2020_08_21,618,504
2020_08_20,572,470
2020_08_19,551,462
2020_08_18,614,499
2020_08_17,493,402
2020_08_16,14,14
2020_08_15,457,383
2020_08_14,572,470
2020_08_13,543,441
2020_08_12,510,415
2020_08_11,588,465
2020_08_10,531,422
2020_08_09,15,14
2020_08_08,471,377
2020_08_07,562,433
2020_08_06,484,397
2020_08_05,536,444
2020_08_04,553,451
2020_08_03,563,446
2020_08_02,16,15
2020_08_01,414,330
2020_07_31,539,452
2020_07_30,576,461
2020_07_29,566,451
2020_07_28,505,400
2020_07_27,529,419
2020_07_26,13,12
2020_07_25,482,389
2020_07_24,526,424
2020_07_23,519,398
2020_07_22,551,442
2020_07_21,511,402
2020_07_20,502,404
2020_07_19,18,15
2020_07_18,477,397
2020_07_17,545,434
2020_07_16,542,420
2020_07_15,526,438
2020_07_14,513,428
2020_07_13,551,452
2020_07_12,13,12
2020_07_11,539,413
2020_07_10,580,462
2020_07_09,604,491
2020_07_08,518,422
2020_07_07,560,425
2020_07_06,537,410
2020_07_05,15,13
2020_07_04,483,384
2020_07_03,520,410
2020_07_02,429,357
2020_07_01,1513,995
2020_06_30,2,2
2020_06_29,218,194
2020_06_28,12,10
2020_06_27,391,325
2020_06_26,440,350
2020_06_25,387,338
2020_06_24,430,345
2020_06_23,484,400
2020_06_22,471,384
2020_06_21,12,11
2020_06_20,422,329
2020_06_19,479,397
2020_06_18,426,363
2020_06_17,446,363
2020_06_16,487,401
2020_06_15,464,381
2020_06_14,27,24
2020_06_13,374,305
2020_06_12,352,295
2020_06_11,334,268
2020_06_10,419,356
2020_06_09,406,336
2020_06_08,490,389
2020_06_07,13,13
2020_06_06,375,305
2020_06_05,373,318
2020_06_04,413,342
2020_06_03,380,324
2020_06_02,313,268
2020_06_01,289,218
2020_05_31,11,11
2020_05_30,393,340
2020_05_29,400,341
2020_05_28,414,340
2020_05_27,350,296
2020_05_26,410,339
2020_05_25,466,377
2020_05_24,10,10
2020_05_23,359,308
2020_05_22,346,288
2020_05_21,228,188
2020_05_20,363,314
2020_05_19,368,308
2020_05_18,453,368
2020_05_17,6,6
2020_05_16,275,230
2020_05_15,384,311
2020_05_14,333,280
2020_05_13,262,224
2020_05_12,331,280
2020_05_11,254,214
2020_05_10,4,4
2020_05_09,177,144
2020_05_08,176,154
2020_05_07,288,239
2020_05_06,281,238
2020_05_05,229,190
2020_05_04,220,174
2020_05_03,25,24
2020_05_02,129,108
2020_05_01,192,169
2020_04_30,290,239
2020_04_29,203,173
2020_04_28,215,175
2020_04_27,181,158
2020_04_26,5,5
2020_04_25,136,110
2020_04_24,136,113
2020_04_23,200,173
2020_04_22,132,110
2020_04_21,184,160
2020_04_20,192,159
2020_04_19,2,2
2020_04_18,106,87
2020_04_17,137,118
2020_04_16,185,140
2020_04_15,123,112
2020_04_14,124,100
2020_04_13,100,88
2020_04_12,4,4
2020_04_11,110,91
2020_04_10,82,65
2020_04_09,124,107
2020_04_08,92,81
2020_04_07,113,100
2020_04_06,109,97
2020_04_05,1,1
2020_04_04,68,60
2020_04_03,122,100
2020_04_02,115,96
2020_04_01,105,92
2020_03_31,103,94
2020_03_30,142,108
2020_03_29,4,4
2020_03_28,68,63
2020_03_27,143,118
2020_03_26,139,106
2020_03_25,109,96
2020_03_24,128,103
2020_03_23,114,94
2020_03_22,6,6
2020_03_21,109,91
2020_03_20,215,183
2020_03_19,268,226
2020_03_18,292,252
2020_03_17,396,335
2020_03_16,440,366
2020_03_15,6,6
2020_03_14,400,341
2020_03_13,519,424
2020_03_12,556,456
2020_03_11,586,468
2020_03_10,744,593
2020_03_09,718,601
2020_03_08,21,20
2020_03_07,559,419
2020_03_06,671,571
2020_03_05,707,554
2020_03_04,713,598
2020_03_03,721,571
2020_03_02,785,627
2020_03_01,16,14
2020_02_29,644,487
2020_02_28,769,615
2020_02_27,772,602
2020_02_26,730,579
2020_02_25,768,611
2020_02_24,746,588
2020_02_23,22,18
2020_02_22,564,459
2020_02_21,760,569
2020_02_20,724,595
2020_02_19,722,588
2020_02_18,754,623
2020_02_17,806,618
2020_02_16,23,21
2020_02_15,596,471
2020_02_14,687,573
2020_02_13,715,569
2020_02_12,691,569
2020_02_11,747,594
2020_02_10,830,663
2020_02_09,26,22
2020_02_08,596,457
2020_02_07,768,581
2020_02_06,693,541
2020_02_05,696,558
2020_02_04,764,606
2020_02_03,782,635
2020_02_02,19,18
2020_02_01,585,448
2020_01_31,775,624
2020_01_30,725,587
2020_01_29,711,560
2020_01_28,807,637
2020_01_27,765,603
2020_01_26,12,12
2020_01_25,599,474
2020_01_24,680,562
2020_01_23,735,595
2020_01_22,785,616
2020_01_21,787,629
2020_01_20,843,654
2020_01_19,32,32
2020_01_18,550,431
2020_01_17,663,532
2020_01_16,703,570
2020_01_15,745,587
2020_01_14,737,589
2020_01_13,724,588
2020_01_12,30,29
2020_01_11,614,474
2020_01_10,743,601
2020_01_09,765,586
2020_01_08,652,515
2020_01_07,666,539
2020_01_06,652,508
2020_01_05,21,19
2020_01_04,509,409
2020_01_03,573,446
2020_01_02,573,442
2020_01_01,178,134
2019_12_31,434,339
2019_12_30,653,514
2019_12_29,16,16
2019_12_28,435,326
2019_12_27,433,355
2019_12_26,232,180
2019_12_25,238,188
2019_12_24,383,293
2019_12_23,635,516
2019_12_22,14,11
2019_12_21,513,398
2019_12_20,624,497
2019_12_19,597,489
2019_12_18,673,531
2019_12_17,591,501
2019_12_16,626,512
2019_12_15,16,15
2019_12_14,484,406
2019_12_13,577,466
2019_12_12,610,495
2019_12_11,643,517
2019_12_10,628,515
2019_12_09,701,540
2019_12_08,15,13
2019_12_07,463,384
2019_12_06,661,541
2019_12_05,628,523
2019_12_04,647,542
2019_12_03,674,541
2019_12_02,672,555
2019_12_01,7,7
2019_11_30,478,394
2019_11_29,630,504
2019_11_28,720,576
2019_11_27,601,496
2019_11_26,710,587
2019_11_25,786,628
2019_11_24,16,16
2019_11_23,567,447
2019_11_22,702,571
2019_11_21,669,544
2019_11_20,732,612
2019_11_19,747,612
2019_11_18,774,627
2019_11_17,15,13
2019_11_16,546,450
2019_11_15,700,582
2019_11_14,703,574
2019_11_13,681,558
2019_11_12,744,597
2019_11_11,745,589
2019_11_10,16,16
2019_11_09,581,454
2019_11_08,791,635
2019_11_07,733,587
2019_11_06,699,555
2019_11_05,736,580
2019_11_04,797,624
2019_11_03,10,10
2019_11_02,541,436
2019_11_01,520,436
2019_10_31,711,590
2019_10_30,733,586
2019_10_29,749,610
2019_10_28,856,696
2019_10_27,18,16
2019_10_26,536,438
2019_10_25,735,593
2019_10_24,748,599
2019_10_23,717,567
2019_10_22,805,636
2019_10_21,793,621
2019_10_20,17,16
2019_10_19,549,434
2019_10_18,733,591
2019_10_17,744,624
2019_10_16,732,600
2019_10_15,747,587
2019_10_14,890,679
2019_10_13,14,14
2019_10_12,565,456
2019_10_11,733,603
2019_10_10,776,611
2019_10_09,723,582
2019_10_08,797,645
2019_10_07,841,664
2019_10_06,13,13
2019_10_05,580,468
2019_10_04,605,511
2019_10_03,529,416
2019_10_02,806,654
2019_10_01,826,656
2019_09_30,924,737
2019_09_29,19,19
2019_09_28,528,428
2019_09_27,807,681
2019_09_26,801,651
2019_09_25,844,679
2019_09_24,810,686
2019_09_23,875,686
2019_09_22,18,17
2019_09_21,552,448
2019_09_20,757,608
2019_09_19,777,608
2019_09_18,802,646
2019_09_17,795,614
2019_09_16,909,697
2019_09_15,16,14
2019_09_14,614,493
2019_09_13,756,613
2019_09_12,810,625
2019_09_11,802,620
2019_09_10,834,660
2019_09_09,887,681
2019_09_08,15,15
2019_09_07,528,421
2019_09_06,754,611
2019_09_05,754,613
2019_09_04,760,590
2019_09_03,788,607
2019_09_02,799,633
2019_09_01,12,11
2019_08_31,515,384
2019_08_30,766,582
2019_08_29,726,583
2019_08_28,717,562
2019_08_27,779,625
2019_08_26,826,630
2019_08_25,24,22
2019_08_24,510,397
2019_08_23,766,587
2019_08_22,753,575
2019_08_21,785,629
2019_08_20,755,566
2019_08_19,823,621
2019_08_18,15,13
2019_08_17,486,374
2019_08_16,723,558
2019_08_15,711,545
2019_08_14,733,557
2019_08_13,713,550
2019_08_12,788,597
2019_08_11,17,17
2019_08_10,483,379
2019_08_09,756,596
2019_08_08,731,573
2019_08_07,791,567
2019_08_06,679,531
2019_08_05,803,612
2019_08_04,16,15
2019_08_03,515,383
2019_08_02,722,555
2019_08_01,662,527
2019_07_31,676,523
2019_07_30,715,529
2019_07_29,714,554
2019_07_28,9,9
2019_07_27,493,379
2019_07_26,746,577
2019_07_25,750,584
2019_07_24,672,526
2019_07_23,755,594
2019_07_22,798,616
2019_07_21,20,16
2019_07_20,477,381
2019_07_19,663,507
2019_07_18,727,567
2019_07_17,761,580
2019_07_16,704,544
2019_07_15,833,625
2019_07_14,20,20
2019_07_13,500,382
2019_07_12,734,574
2019_07_11,679,549
2019_07_10,695,532
2019_07_09,737,564
2019_07_08,849,683
2019_07_07,17,13
2019_07_06,408,326
2019_07_05,692,537
2019_07_04,669,521
2019_07_03,632,503
2019_07_02,677,527
2019_07_01,698,519
2019_06_30,19,19
2019_06_29,437,351
2019_06_28,660,519
2019_06_27,618,522
2019_06_26,647,502
2019_06_25,683,534
2019_06_24,693,552
2019_06_23,18,16
2019_06_22,479,375
2019_06_21,571,463
2019_06_20,573,427
2019_06_19,661,504
2019_06_18,647,507
2019_06_17,807,593
2019_06_16,11,10
2019_06_15,423,330
2019_06_14,656,526
2019_06_13,771,546
2019_06_12,503,418
2019_06_11,718,561
2019_06_10,527,373
2019_06_09,15,15
2019_06_08,440,358
2019_06_07,608,478
2019_06_06,635,509
2019_06_05,606,487
2019_06_04,674,518
2019_06_03,716,575
2019_06_02,18,17
2019_06_01,519,412
2019_05_31,587,466
2019_05_30,410,337
2019_05_29,675,536
2019_05_28,703,548
2019_05_27,700,546
2019_05_26,27,24
2019_05_25,515,393
2019_05_24,646,534
2019_05_23,649,519
2019_05_22,619,468
2019_05_21,709,566
2019_05_20,761,575
2019_05_19,29,25
2019_05_18,489,387
2019_05_17,651,528
2019_05_16,737,566
2019_05_15,670,538
2019_05_14,682,528
2019_05_13,718,560
2019_05_12,19,17
2019_05_11,511,415
2019_05_10,699,559
2019_05_09,697,560
2019_05_08,718,536
2019_05_07,695,541
2019_05_06,719,561
2019_05_05,23,22
2019_05_04,503,394
2019_05_03,636,514
2019_05_02,556,437
2019_05_01,368,296
2019_04_30,678,535
2019_04_29,777,569
2019_04_28,18,18
2019_04_27,507,393
2019_04_26,598,484
2019_04_25,689,503
2019_04_24,625,489
2019_04_23,498,423
2019_04_22,327,265
2019_04_21,17,16
2019_04_20,346,280
2019_04_19,411,328
2019_04_18,664,529
2019_04_17,713,551
2019_04_16,627,508
2019_04_15,704,537
2019_04_14,16,15
2019_04_13,589,458
2019_04_12,632,500
2019_04_11,703,565
2019_04_10,657,521
2019_04_09,654,518
2019_04_08,758,604
2019_04_07,24,23
2019_04_06,520,404
2019_04_05,688,536
2019_04_04,651,503
2019_04_03,654,527
2019_04_02,722,564
2019_04_01,712,567
2019_03_31,27,26
2019_03_30,489,354
2019_03_29,697,533
2019_03_28,656,486
2019_03_27,701,541
2019_03_26,722,579
2019_03_25,753,589
2019_03_24,16,15
2019_03_23,485,391
2019_03_22,617,493
2019_03_21,641,496
2019_03_20,643,522
2019_03_19,696,522
2019_03_18,780,583
2019_03_17,15,14
2019_03_16,558,439
2019_03_15,695,537
2019_03_14,722,560
2019_03_13,701,539
2019_03_12,689,543
2019_03_11,742,570
2019_03_10,20,17
2019_03_09,500,374
2019_03_08,655,506
2019_03_07,659,493
2019_03_06,675,532
2019_03_05,663,516
2019_03_04,660,514
2019_03_03,23,22
2019_03_02,493,401
2019_03_01,709,552
2019_02_28,645,503
2019_02_27,631,506
2019_02_26,683,543
2019_02_25,741,580
2019_02_24,23,20
2019_02_23,545,417
2019_02_22,670,532
2019_02_21,680,563
2019_02_20,603,484
2019_02_19,684,565
2019_02_18,697,563
2019_02_17,14,14
2019_02_16,469,366
2019_02_15,558,462
2019_02_14,635,513
2019_02_13,620,480
2019_02_12,689,541
2019_02_11,695,569
2019_02_10,34,33
2019_02_09,506,390
2019_02_08,611,489
2019_02_07,545,443
2019_02_06,572,473
2019_02_05,652,516
2019_02_04,780,617
2019_02_03,10,10
2019_02_02,498,396
2019_02_01,609,495
2019_01_31,674,538
2019_01_30,604,496
2019_01_29,650,523
2019_01_28,783,614
2019_01_27,14,13
2019_01_26,538,425
2019_01_25,618,511
2019_01_24,612,488
2019_01_23,623,500
2019_01_22,728,568
2019_01_21,761,576
2019_01_20,10,9
2019_01_19,526,396
2019_01_18,607,489
2019_01_17,642,509
2019_01_16,659,517
2019_01_15,695,553
2019_01_14,699,536
2019_01_13,28,27
2019_01_12,496,395
2019_01_11,607,484
2019_01_10,609,466
2019_01_09,600,483
2019_01_08,599,487
2019_01_07,823,627
2019_01_06,7,7
2019_01_05,559,419
2019_01_04,599,479
2019_01_03,488,398
2019_01_02,453,349
2019_01_01,175,150
2018_12_31,613,461
2018_12_30,25,23
2018_12_29,394,310
2018_12_28,454,360
2018_12_27,388,322
2018_12_26,158,129
2018_12_25,189,171
2018_12_24,397,293
2018_12_23,14,12
2018_12_22,415,333
2018_12_21,540,418
2018_12_20,477,386
2018_12_19,526,427
2018_12_18,515,429
2018_12_17,552,427
2018_12_16,8,8
2018_12_15,383,313
2018_12_14,460,380
2018_12_13,521,426
2018_12_12,529,432
2018_12_11,588,467
2018_12_10,594,472
2018_12_09,15,15
2018_12_08,421,342
2018_12_07,523,413
2018_12_06,578,467
2018_12_05,562,452
2018_12_04,639,497
2018_12_03,595,496
2018_12_02,20,18
2018_12_01,449,364
2018_11_30,570,452
2018_11_29,601,480
2018_11_28,626,504
2018_11_27,671,527
2018_11_26,660,542
2018_11_25,19,18
2018_11_24,470,394
2018_11_23,591,484
2018_11_22,634,518
2018_11_21,632,511
2018_11_20,647,515
2018_11_19,709,558
2018_11_18,22,20
2018_11_17,461,377
2018_11_16,618,473
2018_11_15,616,490
2018_11_14,718,575
2018_11_13,722,553
2018_11_12,676,521
2018_11_11,13,13
2018_11_10,541,419
2018_11_09,669,515
2018_11_08,661,516
2018_11_07,664,500
2018_11_06,741,576
2018_11_05,764,588
2018_11_04,18,17
2018_11_03,513,420
2018_11_02,584,480
2018_11_01,627,481
2018_10_31,657,522
2018_10_30,827,622
2018_10_29,712,548
2018_10_28,17,16
2018_10_27,542,433
2018_10_26,610,494
2018_10_25,719,553
2018_10_24,780,611
2018_10_23,862,636
2018_10_22,724,575
2018_10_21,34,31
2018_10_20,513,403
2018_10_19,770,565
2018_10_18,728,572
2018_10_17,728,570
2018_10_16,651,512
2018_10_15,778,595
2018_10_14,27,25
2018_10_13,560,449
2018_10_12,750,558
2018_10_11,731,583
2018_10_10,782,594
2018_10_09,759,591
2018_10_08,849,637
2018_10_07,29,26
2018_10_06,462,354
2018_10_05,658,508
2018_10_04,621,512
2018_10_03,560,418
2018_10_02,759,598
2018_10_01,830,626
2018_09_30,33,31
2018_09_29,535,414
2018_09_28,733,571
2018_09_27,732,577
2018_09_26,708,553
2018_09_25,757,587
2018_09_24,916,682
2018_09_23,33,29
2018_09_22,555,418
2018_09_21,716,571
2018_09_20,674,529
2018_09_19,721,557
2018_09_18,818,596
2018_09_17,892,665
2018_09_16,26,25
2018_09_15,522,418
2018_09_14,750,586
2018_09_13,722,561
2018_09_12,728,567
2018_09_11,800,612
2018_09_10,863,646
2018_09_09,29,26
2018_09_08,528,411
2018_09_07,777,595
2018_09_06,717,541
2018_09_05,699,559
2018_09_04,765,588
2018_09_03,904,652
2018_09_02,18,18
2018_09_01,519,413
2018_08_31,756,560
2018_08_30,756,591
2018_08_29,789,571
2018_08_28,812,593
2018_08_27,828,617
2018_08_26,27,24
2018_08_25,587,446
2018_08_24,792,569
2018_08_23,777,577
2018_08_22,768,582
2018_08_21,709,540
2018_08_20,765,582
2018_08_19,26,25
2018_08_18,526,383
2018_08_17,710,546
2018_08_16,732,525
2018_08_15,650,489
2018_08_14,693,517
2018_08_13,894,656
2018_08_12,29,27
2018_08_11,494,368
2018_08_10,701,512
2018_08_09,643,489
2018_08_08,731,528
2018_08_07,659,496
2018_08_06,723,558
2018_08_05,28,27
2018_08_04,477,389
2018_08_03,700,500
2018_08_02,664,462
2018_08_01,667,504
2018_07_31,648,475
2018_07_30,749,520
2018_07_29,38,33
2018_07_28,448,368
2018_07_27,649,484
2018_07_26,650,495
2018_07_25,687,487
2018_07_24,708,529
2018_07_23,683,522
2018_07_22,23,19
2018_07_21,517,399
2018_07_20,603,454
2018_07_19,693,526
2018_07_18,678,490
2018_07_17,715,521
2018_07_16,761,568
2018_07_15,19,18
2018_07_14,483,372
2018_07_13,582,457
2018_07_12,733,549
2018_07_11,682,526
2018_07_10,628,468
2018_07_09,763,545
2018_07_08,29,28
2018_07_07,479,373
2018_07_06,634,470
2018_07_05,609,465
2018_07_04,594,459
2018_07_03,640,463
2018_07_02,719,516
2018_07_01,35,33
2018_06_30,545,427
2018_06_29,628,463
2018_06_28,612,493
2018_06_27,629,495
2018_06_26,636,490
2018_06_25,738,561
2018_06_24,45,39
2018_06_23,556,437
2018_06_22,683,514
2018_06_21,625,478
2018_06_20,679,513
2018_06_19,647,497
2018_06_18,710,528
2018_06_17,29,25
2018_06_16,514,412
2018_06_15,561,434
2018_06_14,671,538
2018_06_13,767,558
2018_06_12,755,572
2018_06_11,858,606
2018_06_10,71,62
2018_06_09,562,449
2018_06_08,703,533
2018_06_07,684,528
2018_06_06,704,543
2018_06_05,693,522
2018_06_04,709,542
2018_06_03,70,55
2018_06_02,579,450
2018_06_01,619,476
2018_05_31,679,502
2018_05_30,779,577
2018_05_29,739,552
2018_05_28,723,550
2018_05_27,41,40
2018_05_26,561,437
2018_05_25,727,556
2018_05_24,676,525
2018_05_23,676,524
2018_05_22,680,521
2018_05_21,575,428
2018_05_20,55,47
2018_05_19,580,454
2018_05_18,713,536
2018_05_17,740,575
2018_05_16,701,546
2018_05_15,756,577
2018_05_14,733,545
2018_05_13,80,72
2018_05_12,559,427
2018_05_11,619,482
2018_05_10,566,426
2018_05_09,691,528
2018_05_08,785,576
2018_05_07,698,518
2018_05_06,52,45
2018_05_05,586,445
2018_05_04,636,495
2018_05_03,789,524
2018_05_02,557,447
2018_05_01,531,374
2018_04_30,741,570
2018_04_29,56,45
2018_04_28,567,432
2018_04_27,677,531
2018_04_26,734,557
2018_04_25,720,541
2018_04_24,737,551
2018_04_23,718,539
2018_04_22,59,55
2018_04_21,570,435
2018_04_20,653,509
2018_04_19,730,541
2018_04_18,668,516
2018_04_17,698,503
2018_04_16,689,506
2018_04_15,66,57
2018_04_14,571,444
2018_04_13,680,492
2018_04_12,720,530
2018_04_11,634,460
2018_04_10,701,501
2018_04_09,617,480
2018_04_08,54,52
2018_04_07,541,408
2018_04_06,671,453
2018_04_05,619,475
2018_04_04,593,456
2018_04_03,481,374
2018_04_02,367,301
2018_04_01,52,36
2018_03_31,467,342
2018_03_30,466,365
2018_03_29,803,598
2018_03_28,771,582
2018_03_27,723,538
2018_03_26,820,615
2018_03_25,53,48
2018_03_24,606,453
2018_03_23,726,542
2018_03_22,770,581
2018_03_21,728,548
2018_03_20,836,604
2018_03_19,889,661
2018_03_18,45,42
2018_03_17,646,488
2018_03_16,735,567
2018_03_15,722,549
2018_03_14,680,539
2018_03_13,783,568
2018_03_12,780,581
2018_03_11,54,49
2018_03_10,556,437
2018_03_09,698,541
2018_03_08,660,510
2018_03_07,702,548
2018_03_06,733,530
2018_03_05,777,582
2018_03_04,44,40
2018_03_03,522,409
2018_03_02,616,474
2018_03_01,668,520
2018_02_28,697,544
2018_02_27,642,496
2018_02_26,772,574
2018_02_25,57,51
2018_02_24,589,439
2018_02_23,685,542
2018_02_22,689,552
2018_02_21,724,548
2018_02_20,679,523
2018_02_19,731,532
2018_02_18,59,54
2018_02_17,541,411
2018_02_16,598,480
2018_02_15,660,509
2018_02_14,677,500
2018_02_13,702,530
2018_02_12,733,554
2018_02_11,68,62
2018_02_10,547,443
2018_02_09,656,505
2018_02_08,692,533
2018_02_07,703,529
2018_02_06,675,519
2018_02_05,798,605
2018_02_04,63,58
2018_02_03,627,481
2018_02_02,616,482
2018_02_01,662,540
2018_01_31,694,529
2018_01_30,746,560
2018_01_29,773,614
2018_01_28,89,76
2018_01_27,575,453
2018_01_26,664,501
2018_01_25,669,521
2018_01_24,654,501
2018_01_23,714,559
2018_01_22,777,606
2018_01_21,79,70
2018_01_20,537,413
2018_01_19,638,503
2018_01_18,712,555
2018_01_17,785,590
2018_01_16,698,545
2018_01_15,867,627
2018_01_14,75,68
2018_01_13,594,438
2018_01_12,640,510
2018_01_11,712,545
2018_01_10,662,519
2018_01_09,720,538
2018_01_08,723,547
2018_01_07,81,74
2018_01_06,583,430
2018_01_05,645,512
2018_01_04,652,489
2018_01_03,708,521
2018_01_02,568,400
2018_01_01,371,286
2017_12_31,54,48
2017_12_30,559,420
2017_12_29,575,432
2017_12_28,583,444
2017_12_27,375,291
2017_12_26,184,146
2017_12_25,203,170
2017_12_24,38,36
2017_12_23,286,228
2017_12_22,485,371
2017_12_21,562,433
2017_12_20,604,459
2017_12_19,524,424
2017_12_18,623,481
2017_12_17,42,41
2017_12_16,445,348
2017_12_15,528,408
2017_12_14,607,454
2017_12_13,570,465
2017_12_12,581,442
2017_12_11,638,472
2017_12_10,52,48
2017_12_09,512,402
2017_12_08,529,417
2017_12_07,567,430
2017_12_06,560,451
2017_12_05,679,482
2017_12_04,654,494
2017_12_03,52,48
2017_12_02,491,387
2017_12_01,123,106
2017_11_30,1068,777
2017_11_29,679,511
2017_11_28,731,549
2017_11_27,728,544
2017_11_26,56,50
2017_11_25,606,459
2017_11_24,690,503
2017_11_23,708,525
2017_11_22,726,538
2017_11_21,733,534
2017_11_20,774,599
2017_11_19,89,66
2017_11_18,550,419
2017_11_17,608,480
2017_11_16,705,531
2017_11_15,775,567
2017_11_14,724,551
2017_11_13,849,618
2017_11_12,51,49
2017_11_11,590,458
2017_11_10,664,504
2017_11_09,716,537
2017_11_08,769,572
2017_11_07,695,515
2017_11_06,846,596
2017_11_05,71,58
2017_11_04,567,435
2017_11_03,616,473
2017_11_02,594,454
2017_11_01,560,400
2017_10_31,604,441
2017_10_30,746,544
2017_10_29,70,60
2017_10_28,633,461
2017_10_27,710,543
2017_10_26,651,512
2017_10_25,734,553
2017_10_24,783,550
2017_10_23,819,601
2017_10_22,78,64
2017_10_21,634,460
2017_10_20,671,520
2017_10_19,733,562
2017_10_18,729,547
2017_10_17,773,569
2017_10_16,723,552
2017_10_15,72,52
2017_10_14,604,456
2017_10_13,709,552
2017_10_12,746,572
2017_10_11,665,515
2017_10_10,788,583
2017_10_09,717,548
2017_10_08,57,50
2017_10_07,615,459
2017_10_06,662,528
2017_10_05,760,565
2017_10_04,659,491
2017_10_03,594,442
2017_10_02,731,534
2017_10_01,52,43
2017_09_30,650,469
2017_09_29,714,534
2017_09_28,675,499
2017_09_27,738,563
2017_09_26,757,537
2017_09_25,762,580
2017_09_24,72,63
2017_09_23,562,438
2017_09_22,789,602
2017_09_21,740,553
2017_09_20,776,577
2017_09_19,744,553
2017_09_18,779,569
2017_09_17,64,55
2017_09_16,650,478
2017_09_15,688,538
2017_09_14,817,584
2017_09_13,710,551
2017_09_12,764,581
2017_09_11,840,613
2017_09_10,48,40
2017_09_09,602,463
2017_09_08,697,508
2017_09_07,734,537
2017_09_06,810,563
2017_09_05,762,550
2017_09_04,761,562
2017_09_03,84,59
2017_09_02,674,489
2017_09_01,707,523
2017_08_31,711,540
2017_08_30,702,535
2017_08_29,733,539
2017_08_28,789,581
2017_08_27,66,56
2017_08_26,590,425
2017_08_25,772,541
2017_08_24,787,583
2017_08_23,760,559
2017_08_22,734,563
2017_08_21,804,597
2017_08_20,70,61
2017_08_19,594,427
2017_08_18,803,564
2017_08_17,816,563
2017_08_16,631,478
2017_08_15,640,461
2017_08_14,797,580
2017_08_13,39,37
2017_08_12,586,419
2017_08_11,742,515
2017_08_10,706,530
2017_08_09,727,541
2017_08_08,706,537
2017_08_07,772,586
2017_08_06,36,34
2017_08_05,548,400
2017_08_04,643,467
2017_08_03,683,499
2017_08_02,675,528
2017_08_01,702,514
2017_07_31,712,533
2017_07_30,18,16
2017_07_29,745,511
2017_07_28,703,513
2017_07_27,782,566
2017_07_26,545,407
2017_07_25,664,496
2017_07_24,661,483
2017_07_23,23,22
2017_07_22,590,424
2017_07_21,677,504
2017_07_20,706,538
2017_07_19,609,449
2017_07_18,699,532
2017_07_17,731,511
2017_07_16,15,13
2017_07_15,575,409
2017_07_14,611,477
2017_07_13,707,508
2017_07_12,705,520
2017_07_11,701,511
2017_07_10,702,510
2017_07_09,17,15
2017_07_08,553,384
2017_07_07,625,476
2017_07_06,608,452
2017_07_05,581,439
2017_07_04,647,462
2017_07_03,754,530
2017_07_02,10,10
2017_07_01,618,434
2017_06_30,658,478
2017_06_29,678,495
2017_06_28,616,476
2017_06_27,626,469
2017_06_26,774,562
2017_06_25,14,13
2017_06_24,544,388
2017_06_23,633,488
2017_06_22,610,461
2017_06_21,616,466
2017_06_20,606,462
2017_06_19,670,500
2017_06_18,14,14
2017_06_17,549,411
2017_06_16,710,516
2017_06_15,304,256
2017_06_14,656,477
2017_06_13,653,491
2017_06_12,705,498
2017_06_11,21,19
2017_06_10,523,386
2017_06_09,603,459
2017_06_08,676,489
2017_06_07,659,490
2017_06_06,714,521
2017_06_05,47,43
2017_06_04,17,14
2017_06_03,510,388
2017_06_02,600,455
2017_06_01,582,423
2017_05_31,582,442
2017_05_30,699,497
2017_05_29,630,481
2017_05_28,12,8
2017_05_27,610,434
2017_05_26,744,496
2017_05_25,44,39
2017_05_24,642,470
2017_05_23,656,494
2017_05_22,684,514
2017_05_21,19,17
2017_05_20,527,380
2017_05_19,679,511
2017_05_18,567,429
2017_05_17,655,480
2017_05_16,640,480
2017_05_15,659,498
2017_05_14,11,11
2017_05_13,559,408
2017_05_12,536,427
2017_05_11,598,462
2017_05_10,627,458
2017_05_09,657,481
2017_05_08,706,497
2017_05_07,31,10
2017_05_06,568,406
2017_05_05,621,473
2017_05_04,674,492
2017_05_03,650,446
2017_05_02,690,519
2017_05_01,26,22
2017_04_30,4,4
2017_04_29,560,427
2017_04_28,580,452
2017_04_27,629,475
2017_04_26,619,469
2017_04_25,589,432
2017_04_24,610,469
2017_04_23,10,10
2017_04_22,566,394
2017_04_21,640,471
2017_04_20,616,451
2017_04_19,668,496
2017_04_18,937,636
2017_04_17,57,49
2017_04_16,11,8
2017_04_15,126,110
2017_04_14,102,93
2017_04_13,693,502
2017_04_12,625,476
2017_04_11,626,479
2017_04_10,590,452
2017_04_09,12,11
2017_04_08,519,370
2017_04_07,619,469
2017_04_06,649,482
2017_04_05,633,468
2017_04_04,670,517
2017_04_03,698,494
2017_04_02,30,23
2017_04_01,566,406
2017_03_31,666,498
2017_03_30,649,480
2017_03_29,609,463
2017_03_28,672,501
2017_03_27,626,470
2017_03_26,14,13
2017_03_25,519,374
2017_03_24,632,454
2017_03_23,590,459
2017_03_22,592,453
2017_03_21,666,487
2017_03_20,626,468
2017_03_19,27,21
2017_03_18,657,444
2017_03_17,575,434
2017_03_16,619,470
2017_03_15,645,480
2017_03_14,593,448
2017_03_13,626,464
2017_03_12,14,14
2017_03_11,524,392
2017_03_10,634,454
2017_03_09,616,475
2017_03_08,608,469
2017_03_07,637,470
2017_03_06,754,537
2017_03_05,6,5
2017_03_04,444,328
2017_03_03,603,462
2017_03_02,697,491
2017_03_01,608,462
2017_02_28,587,422
2017_02_27,581,449
2017_02_26,7,7
2017_02_25,564,390
2017_02_24,587,424
2017_02_23,617,475
2017_02_22,612,459
2017_02_21,635,470
2017_02_20,599,452
2017_02_19,26,17
2017_02_18,544,394
2017_02_17,565,424
2017_02_16,592,453
2017_02_15,531,401
2017_02_14,600,461
2017_02_13,605,468
2017_02_12,13,13
2017_02_11,573,412
2017_02_10,565,441
2017_02_09,598,452
2017_02_08,588,435
2017_02_07,621,457
2017_02_06,654,458
2017_02_05,11,11
2017_02_04,519,380
2017_02_03,583,445
2017_02_02,570,436
2017_02_01,579,422
2017_01_31,605,443
2017_01_30,702,515
2017_01_29,13,13
2017_01_28,500,366
2017_01_27,588,445
2017_01_26,576,412
2017_01_25,559,435
2017_01_24,638,482
2017_01_23,608,440
2017_01_22,12,11
2017_01_21,485,356
2017_01_20,510,396
2017_01_19,582,462
2017_01_18,502,400
2017_01_17,513,390
2017_01_16,644,490
2017_01_15,13,13
2017_01_14,484,341
2017_01_13,515,411
2017_01_12,526,404
2017_01_11,657,457
2017_01_10,580,430
2017_01_09,1021,662
2017_01_08,13,11
2017_01_07,55,45
2017_01_06,112,92
2017_01_05,518,400
2017_01_04,572,427
2017_01_03,559,406
2017_01_02,693,450
2017_01_01,3,3
2016_12_31,11,10
2016_12_30,580,411
2016_12_29,522,379
2016_12_28,457,344
2016_12_27,507,359
2016_12_26,8,8
2016_12_25,3,3
2016_12_24,4,4
2016_12_23,459,325
2016_12_22,552,396
2016_12_21,473,334
2016_12_20,442,326
2016_12_19,520,371
2016_12_18,11,10
2016_12_17,406,291
2016_12_16,424,314
2016_12_15,451,339
2016_12_14,401,309
2016_12_13,541,421
2016_12_12,482,346
2016_12_11,12,11
2016_12_10,391,287
2016_12_09,407,307
2016_12_08,463,341
2016_12_07,405,306
2016_12_06,474,356
2016_12_05,532,389
2016_12_04,15,13
2016_12_03,447,321
2016_12_02,462,352
2016_12_01,519,406
2016_11_30,573,433
2016_11_29,538,391
2016_11_28,567,441
2016_11_27,12,11
2016_11_26,468,343
2016_11_25,510,387
2016_11_24,524,402
2016_11_23,531,402
2016_11_22,589,430
2016_11_21,606,431
2016_11_20,13,10
2016_11_19,487,335
2016_11_18,512,399
2016_11_17,546,400
2016_11_16,538,390
2016_11_15,557,404
2016_11_14,609,437
2016_11_13,9,9
2016_11_12,486,349
2016_11_11,544,410
2016_11_10,526,392
2016_11_09,570,425
2016_11_08,599,442
2016_11_07,648,459
2016_11_06,15,12
2016_11_05,500,362
2016_11_04,617,436
2016_11_03,602,432
2016_11_02,828,553
2016_11_01,77,65
2016_10_31,640,421
2016_10_30,10,10
2016_10_29,470,339
2016_10_28,574,416
2016_10_27,543,408
2016_10_26,590,437
2016_10_25,588,436
2016_10_24,759,542
2016_10_23,11,10
2016_10_22,484,355
2016_10_21,552,422
2016_10_20,602,448
2016_10_19,568,419
2016_10_18,609,431
2016_10_17,639,464
2016_10_16,10,10
2016_10_15,469,353
2016_10_14,526,405
2016_10_13,575,422
2016_10_12,519,390
2016_10_11,653,487
2016_10_10,632,455
2016_10_09,7,7
2016_10_08,458,329
2016_10_07,624,452
2016_10_06,569,430
2016_10_05,625,444
2016_10_04,736,513
2016_10_03,40,36
2016_10_02,7,7
2016_10_01,432,306
2016_09_30,569,418
2016_09_29,590,400
2016_09_28,558,417
2016_09_27,593,440
2016_09_26,584,431
2016_09_24,457,320
2016_09_23,599,422
2016_09_22,548,409
2016_09_21,571,406
2016_09_20,574,433
2016_09_19,593,438
2016_09_18,13,11
2016_09_17,435,303
2016_09_16,482,356
2016_09_15,543,404
2016_09_14,551,404
2016_09_13,607,440
2016_09_12,587,416
2016_09_11,15,11
2016_09_10,463,326
2016_09_09,577,413
2016_09_08,506,371
2016_09_07,568,419
2016_09_06,563,411
2016_09_05,539,391
2016_09_04,11,10
2016_09_03,428,299
2016_09_02,535,370
2016_09_01,598,417
2016_08_31,544,398
2016_08_30,555,388
2016_08_29,570,407
2016_08_28,12,8
2016_08_27,432,308
2016_08_26,548,389
2016_08_25,543,379
2016_08_24,561,387
2016_08_23,597,411
2016_08_22,613,432
2016_08_21,11,8
2016_08_20,423,295
2016_08_19,543,383
2016_08_18,547,388
2016_08_17,525,380
2016_08_16,559,381
2016_08_15,544,373
2016_08_14,10,10
2016_08_13,396,304
2016_08_12,558,384
2016_08_11,595,395
2016_08_10,571,410
2016_08_09,538,367
2016_08_08,552,376
2016_08_07,7,7
2016_08_06,423,294
2016_08_05,588,432
2016_08_04,560,375
2016_08_03,482,338
2016_08_02,419,301
2016_08_01,443,307
2016_07_31,9,8
2016_07_30,315,226
2016_07_29,490,332
2016_07_28,504,355
2016_07_27,534,367
2016_07_26,526,362
2016_07_25,505,373
2016_07_24,3,3
2016_07_23,259,197
2016_07_22,507,358
2016_07_21,505,345
2016_07_20,469,337
2016_07_19,549,385
2016_07_18,543,370
2016_07_17,3,3
2016_07_16,283,212
2016_07_15,520,350
2016_07_14,552,391
2016_07_13,470,325
2016_07_12,514,361
2016_07_11,525,353
2016_07_09,279,200
2016_07_08,528,351
2016_07_07,487,326
2016_07_06,533,365
2016_07_05,449,330
2016_07_04,505,356
2016_07_02,326,219
2016_07_01,428,305
2016_06_30,479,342
2016_06_29,488,346
2016_06_28,480,321
2016_06_27,484,337
2016_06_25,264,188
2016_06_24,501,349
2016_06_23,463,345
2016_06_22,492,349
2016_06_21,507,355
2016_06_20,538,374
2016_06_18,336,231
2016_06_17,534,366
2016_06_16,535,373
2016_06_15,508,346
2016_06_14,512,335
2016_06_13,609,420
2016_06_11,314,228
2016_06_10,509,354
2016_06_09,490,342
2016_06_08,500,330
2016_06_07,505,347
2016_06_06,508,356
2016_06_04,311,231
2016_06_03,505,354
2016_06_02,503,340
2016_06_01,535,374
2016_05_31,570,383
2016_05_30,568,375
2016_05_28,342,219
2016_05_27,450,312
2016_05_26,397,279
2016_05_25,505,333
2016_05_24,474,350
2016_05_23,480,328
2016_05_21,331,223
2016_05_20,491,352
2016_05_19,526,371
2016_05_18,521,350
2016_05_17,539,375
2016_05_16,146,98
2016_05_15,2,1
2016_05_14,272,206
2016_05_13,501,342
2016_05_12,522,368
2016_05_11,467,350
2016_05_10,483,348
2016_05_09,502,350
2016_05_07,341,233
2016_05_06,482,326
2016_05_05,97,72
2016_05_04,476,338
2016_05_03,391,293
2016_05_02,503,343
2016_04_30,316,219
2016_04_29,513,359
2016_04_28,526,381
2016_04_27,495,345
2016_04_26,550,375
2016_04_25,565,376
2016_04_23,304,208
2016_04_22,484,346
2016_04_21,506,355
2016_04_20,506,358
2016_04_19,498,353
2016_04_18,577,362
2016_04_16,332,242
2016_04_15,527,370
2016_04_14,528,373
2016_04_13,539,375
2016_04_12,489,357
2016_04_11,546,366
2016_04_09,332,244
2016_04_08,544,357
2016_04_07,484,341
2016_04_06,542,352
2016_04_05,420,306
2016_04_04,520,344
2016_04_02,311,211
2016_04_01,503,335
2016_03_31,512,349
2016_03_30,538,368
2016_03_29,364,272
2016_03_28,18,16
2016_03_26,29,25
2016_03_25,113,82
2016_03_24,495,333
2016_03_23,539,367
2016_03_22,524,349
2016_03_21,521,365
2016_03_19,320,193
2016_03_18,492,333
2016_03_17,482,336
2016_03_16,446,322
2016_03_15,445,308
2016_03_14,527,346
2016_03_12,306,224
2016_03_11,540,360
2016_03_10,423,306
2016_03_09,499,350
2016_03_08,508,335
2016_03_07,525,359
2016_03_05,272,200
2016_03_04,501,342
2016_03_03,473,338
2016_03_02,493,356
2016_03_01,527,348
2016_02_29,618,426
2016_02_27,336,244
2016_02_26,487,349
2016_02_25,528,356
2016_02_24,560,389
2016_02_23,478,334
2016_02_22,534,358
2016_02_20,299,222
2016_02_19,484,342
2016_02_18,494,350
2016_02_17,527,335
2016_02_16,463,326
2016_02_15,553,340
2016_02_13,328,242
2016_02_12,490,340
2016_02_11,530,357
2016_02_10,462,341
2016_02_09,466,300
2016_02_08,511,338
2016_02_06,300,222
2016_02_05,485,322
2016_02_04,455,298
2016_02_03,433,299
2016_02_02,429,295
2016_02_01,494,327
2016_01_30,323,230
2016_01_29,457,312
2016_01_28,448,316
2016_01_27,435,318
2016_01_26,399,283
2016_01_25,494,327
2016_01_23,239,184
2016_01_22,396,263
2016_01_21,394,275
2016_01_20,376,273
2016_01_19,352,263
2016_01_18,479,317
2016_01_16,263,195
2016_01_15,450,290
2016_01_14,460,323
2016_01_13,513,338
2016_01_12,438,313
2016_01_11,537,350
2016_01_09,259,176
2016_01_08,395,274
2016_01_07,382,262
2016_01_06,375,249
2016_01_05,357,263
2016_01_04,411,267
2016_01_02,283,204
2015_12_30,371,239
2015_12_29,361,245
2015_12_28,446,278
2015_12_23,286,189
2015_12_22,329,232
2015_12_21,380,269
2015_12_19,180,137
2015_12_18,357,249
2015_12_17,363,251
2015_12_16,326,245
2015_12_15,332,245
2015_12_14,399,284
2015_12_12,197,150
2015_12_11,380,246
2015_12_10,330,224
2015_12_09,344,232
2015_12_08,358,234
2015_12_07,485,291
2015_12_05,185,144
2015_12_04,344,229
2015_12_03,392,244
2015_12_02,368,261
2015_12_01,1955,858
2015_11_30,121,88
2015_11_28,94,73
2015_11_27,198,149
2015_11_26,267,201
2015_11_25,298,231
2015_11_24,300,212
2015_11_23,355,247
2015_11_21,220,159
2015_11_20,351,265
2015_11_19,341,232
2015_11_18,383,259
2015_11_17,428,267
2015_11_16,436,307
2015_11_14,208,157
2015_11_13,408,296
2015_11_12,441,318
2015_11_11,336,261
2015_11_10,393,268
2015_11_09,483,324
2015_11_07,235,169
2015_11_06,367,262
2015_11_05,393,287
2015_11_04,381,256
2015_11_03,385,264
2015_11_02,412,282
2015_11_01,1690,816
2015_10_30,1,1
2015_10_27,264,190
2015_10_26,467,297
2015_10_24,213,164
2015_10_23,387,268
2015_10_22,348,243
2015_10_21,428,299
2015_10_20,317,229
2015_10_19,478,292
2015_10_17,251,184
2015_10_16,397,260
2015_10_15,405,277
2015_10_14,385,264
2015_10_13,418,274
2015_10_12,458,312
2015_10_10,253,173
2015_10_09,400,253
2015_10_08,415,273
2015_10_07,441,314
2015_10_06,399,255
2015_10_05,479,280
2015_10_03,49,38
2015_10_02,462,284
2015_10_01,1509,729
2015_09_28,176,127
2015_09_26,200,151
2015_09_25,369,248
2015_09_24,384,255
2015_09_23,400,264
2015_09_22,392,266
2015_09_21,455,287
2015_09_19,252,180
2015_09_18,350,250
2015_09_17,446,302
2015_09_16,405,230
2015_09_15,373,255
2015_09_14,448,298
2015_09_12,231,159
2015_09_11,384,258
2015_09_10,394,259
2015_09_09,407,263
2015_09_08,350,253
2015_09_07,448,295
2015_09_05,219,156
2015_09_04,348,232
2015_09_03,391,249
2015_09_02,384,282
2015_09_01,395,249
2015_08_31,355,236
2015_08_29,218,147
2015_08_28,374,254
2015_08_27,332,233
2015_08_26,368,239
2015_08_25,398,247
2015_08_24,377,236
2015_08_22,171,130
2015_08_21,339,236
2015_08_20,362,228
2015_08_19,330,216
2015_08_18,361,234
2015_08_17,390,253
2015_08_15,158,125
2015_08_14,301,213
2015_08_13,318,225
2015_08_12,315,216
2015_08_11,330,233
2015_08_10,381,234
2015_08_08,166,105
2015_08_07,268,181
2015_08_06,362,233
2015_08_05,282,199
2015_08_04,365,232
2015_08_03,462,269
2015_08_01,354,245
2015_07_31,102,71
2015_07_30,334,221
2015_07_29,361,233
2015_07_28,327,213
2015_07_27,398,244
2015_07_25,140,111
2015_07_24,289,217
2015_07_23,320,217
2015_07_22,306,203
2015_07_21,344,233
2015_07_20,320,206
2015_07_18,157,116
2015_07_17,292,193
2015_07_16,278,185
2015_07_15,311,202
2015_07_14,318,204
2015_07_13,368,235
2015_07_11,130,97
2015_07_10,289,184
2015_07_09,283,185
2015_07_08,275,193
2015_07_07,270,186
2015_07_06,301,204
2015_07_04,128,93
2015_07_03,252,163
2015_07_02,251,180
2015_07_01,524,311
2015_06_30,100,71
2015_06_29,355,216
2015_06_27,158,116
2015_06_26,259,186
2015_06_25,254,183
2015_06_24,262,178
2015_06_23,317,211
2015_06_22,383,246
2015_06_20,151,113
2015_06_19,286,200
2015_06_18,283,195
2015_06_17,265,193
2015_06_16,289,202
2015_06_15,312,190
2015_06_13,149,105
2015_06_12,257,176
2015_06_11,259,180
2015_06_10,272,176
2015_06_09,295,190
2015_06_08,265,168
2015_06_06,215,146
2015_06_05,215,145
2015_06_04,202,150
2015_06_03,256,178
2015_06_02,305,186
2015_06_01,349,224
2015_05_30,186,131
2015_05_29,293,177
2015_05_28,315,202
2015_05_27,350,211
2015_05_26,356,216
2015_05_23,148,107
2015_05_22,297,191
2015_05_21,271,179
2015_05_20,279,197
2015_05_19,287,201
2015_05_18,302,195
2015_05_16,169,113
2015_05_15,352,196
2015_05_13,332,190
2015_05_12,354,200
2015_05_11,286,181
2015_05_09,168,127
2015_05_08,264,182
2015_05_07,248,161
2015_05_06,250,170
2015_05_05,282,173
2015_05_04,278,186
2015_05_02,152,104
2015_04_30,282,179
2015_04_29,269,176
2015_04_28,277,179
2015_04_27,292,185
2015_04_25,156,104
2015_04_24,246,165
2015_04_23,239,156
2015_04_22,271,178
2015_04_21,321,206
2015_04_20,257,170
2015_04_18,143,105
2015_04_17,253,169
2015_04_16,218,157
2015_04_15,239,160
2015_04_14,232,167
2015_04_13,268,169
2015_04_11,143,106
2015_04_10,284,182
2015_04_09,232,171
2015_04_08,255,166
2015_04_07,250,168
2015_04_04,134,98
2015_04_02,243,180
2015_04_01,590,308
2015_03_31,2,2
2015_03_30,252,167
2015_03_28,138,100
2015_03_27,267,179
2015_03_26,242,153
2015_03_25,274,180
2015_03_24,260,164
2015_03_23,292,192
2015_03_21,136,101
2015_03_20,216,155
2015_03_19,260,170
2015_03_18,263,172
2015_03_17,240,162
2015_03_16,260,179
2015_03_14,140,93
2015_03_13,222,147
2015_03_12,228,157
2015_03_11,209,155
2015_03_10,237,157
2015_03_09,244,175
2015_03_07,126,86
2015_03_06,241,155
2015_03_05,204,140
2015_03_04,218,144
2015_03_03,249,151
2015_03_02,253,158
2015_02_28,155,100
2015_02_27,207,145
2015_02_26,202,132
2015_02_25,202,151
2015_02_24,195,150
2015_02_23,234,158
2015_02_21,134,94
2015_02_20,196,132
2015_02_19,192,135
2015_02_18,209,139
2015_02_17,208,138
2015_02_16,213,134
2015_02_14,133,90
2015_02_13,168,123
2015_02_12,221,150
2015_02_11,155,106
2015_02_10,176,127
2015_02_09,230,159
2015_02_07,92,70
2015_02_06,170,127
2015_02_05,155,115
2015_02_04,159,121
2015_02_03,171,112
2015_02_02,248,155
2015_01_31,106,74
2015_01_30,160,126
2015_01_29,161,113
2015_01_28,186,121
2015_01_27,184,127
2015_01_26,305,174
2015_01_23,171,126
2015_01_22,200,134
2015_01_21,201,140
2015_01_20,239,169
2015_01_19,194,117
2015_01_16,167,124
2015_01_15,127,93
2015_01_14,173,115
2015_01_13,228,140
2015_01_12,193,137
2015_01_09,170,106
2015_01_08,139,101
2015_01_07,174,107
2015_01_06,155,106
2015_01_05,242,147
2015_01_02,194,108
2014_12_30,214,125
2014_12_29,173,100
2014_12_23,209,123
2014_12_22,159,98
2014_12_19,144,90
2014_12_18,154,94
2014_12_17,189,118
2014_12_16,206,127
2014_12_15,155,105
2014_12_12,159,108
2014_12_11,123,82
2014_12_10,146,102
2014_12_09,219,126
2014_12_08,159,100
2014_12_06,11,9
2014_12_05,165,115
2014_12_04,133,80
2014_12_03,152,106
2014_12_02,128,100
2014_12_01,23,20
2014_11_29,193,127
2014_11_28,231,138
2014_11_27,171,109
2014_11_26,144,95
2014_11_25,220,136
2014_11_24,206,133
2014_11_21,154,105
2014_11_20,142,98
2014_11_19,132,96
2014_11_18,193,134
2014_11_17,190,125
2014_11_14,147,100
2014_11_13,179,121
2014_11_12,159,108
2014_11_11,156,100
2014_11_10,154,101
2014_11_07,142,99
2014_11_06,138,95
2014_11_05,153,99
2014_11_04,181,125
2014_11_03,496,252
2014_10_30,3,3
2014_10_29,130,95
2014_10_28,204,127
2014_10_27,203,130
2014_10_24,135,93
2014_10_23,163,107
2014_10_22,158,102
2014_10_21,201,120
2014_10_20,195,110
2014_10_17,145,91
2014_10_16,137,100
2014_10_15,141,102
2014_10_14,206,127
2014_10_13,166,106
2014_10_10,146,103
2014_10_09,127,95
2014_10_08,133,96
2014_10_07,190,108
2014_10_06,181,110
2014_10_02,145,98
2014_10_01,429,236
2014_09_29,38,26
2014_09_26,137,92
2014_09_25,132,92
2014_09_24,133,98
2014_09_23,194,117
2014_09_22,168,116
2014_09_19,134,91
2014_09_18,122,92
2014_09_17,136,92
2014_09_16,177,119
2014_09_15,153,102
2014_09_12,133,86
2014_09_11,149,88
2014_09_10,152,91
2014_09_09,152,105
2014_09_08,179,107
2014_09_05,135,96
2014_09_04,124,78
2014_09_03,121,89
2014_09_02,200,100
2014_09_01,214,141
2014_08_29,33,23
2014_08_28,135,88
2014_08_27,131,90
2014_08_26,140,96
2014_08_25,168,98
2014_08_22,140,91
2014_08_21,124,76
2014_08_20,133,83
2014_08_19,151,96
2014_08_18,118,86
2014_08_15,109,69
2014_08_14,116,77
2014_08_13,129,80
2014_08_12,138,88
2014_08_11,110,73
2014_08_08,99,74
2014_08_07,104,70
2014_08_06,141,85
2014_08_05,113,67
2014_08_04,118,74
2014_08_01,399,187
2014_07_29,71,49
2014_07_28,97,66
2014_07_25,90,65
2014_07_24,124,74
2014_07_23,110,71
2014_07_22,144,91
2014_07_21,104,73
2014_07_18,97,66
2014_07_17,85,60
2014_07_16,97,69
2014_07_15,122,90
2014_07_14,108,60
2014_07_11,104,70
2014_07_10,70,49
2014_07_09,77,51
2014_07_08,131,92
2014_07_07,64,48
2014_07_05,19,14
2014_07_04,89,64
2014_07_03,102,68
2014_07_02,104,75
2014_07_01,227,117
2014_06_30,3,3
2014_06_27,94,61
2014_06_26,74,56
2014_06_25,85,58
2014_06_24,114,75
2014_06_23,109,61
2014_06_20,106,77
2014_06_19,66,49
2014_06_18,98,70
2014_06_17,130,82
2014_06_16,81,52
2014_06_13,89,51
2014_06_12,74,50
2014_06_11,102,55
2014_06_10,114,76
2014_06_06,79,61
2014_06_05,65,46
2014_06_04,70,53
2014_06_03,149,86
2014_06_02,241,140
2014_05_28,3,3
2014_05_27,141,84
2014_05_26,88,58
2014_05_23,85,61
2014_05_22,69,49
2014_05_21,86,62
2014_05_20,139,85
2014_05_19,71,61
2014_05_16,78,67
2014_05_15,87,52
2014_05_14,85,63
2014_05_13,109,74
2014_05_12,70,49
2014_05_09,62,49
2014_05_08,74,59
2014_05_07,66,52
2014_05_06,117,79
2014_05_05,81,55
2014_05_02,283,126
2014_05_01,2,2
2014_04_29,21,12
2014_04_28,68,43
2014_04_25,64,37
2014_04_24,52,35
2014_04_23,75,48
2014_04_22,75,51
2014_04_17,67,43
2014_04_16,133,51
2014_04_15,119,66
2014_04_14,51,35
2014_04_11,56,35
2014_04_10,54,36
2014_04_09,116,49
2014_04_08,103,57
2014_04_07,76,36
2014_04_04,57,35
2014_04_03,44,33
2014_04_02,69,46
2014_04_01,137,72
2014_03_31,3,3
2014_03_28,45,30
2014_03_27,50,34
2014_03_26,57,41
2014_03_25,96,55
2014_03_24,61,39
2014_03_21,40,27
2014_03_20,62,36
2014_03_19,40,34
2014_03_18,91,48
2014_03_17,151,40
2014_03_14,56,38
2014_03_13,53,36
2014_03_12,55,31
2014_03_11,87,49
2014_03_10,47,32
2014_03_07,48,32
2014_03_06,58,35
2014_03_05,38,21
2014_03_04,77,46
2014_03_03,46,32
2014_02_28,39,24
2014_02_27,57,32
2014_02_26,55,33
2014_02_25,61,31
2014_02_24,59,25
2014_02_21,43,30
2014_02_20,30,21
2014_02_19,45,23
2014_02_18,60,41
2014_02_17,57,37
2014_02_14,46,22
2014_02_13,56,19
2014_02_12,53,26
2014_02_11,55,33
2014_02_10,87,28
2014_02_07,35,21
2014_02_06,39,22
2014_02_05,35,26
2014_02_04,65,37
2014_02_03,49,24
2014_02_01,9,4
2014_01_31,31,20
2014_01_30,24,15
2014_01_29,51,26
2014_01_28,61,37
2014_01_27,38,24
2014_01_24,32,22
2014_01_23,36,24
2014_01_22,73,24
2014_01_21,78,38
2014_01_20,34,19
2014_01_17,47,20
2014_01_16,43,19
2014_01_15,66,30
2014_01_14,52,33
2014_01_13,44,18
2014_01_10,47,27
2014_01_09,40,24
2014_01_08,26,18
2014_01_07,44,27
2014_01_06,53,30
2014_01_03,38,21
2014_01_02,57,24
2013_12_30,29,20
2013_12_27,42,25
2013_12_23,20,15
2013_12_20,19,14
2013_12_19,28,18
2013_12_18,38,20
2013_12_17,50,23
2013_12_16,10,8
2013_12_13,32,19
2013_12_12,32,27
2013_12_11,36,18
2013_12_10,48,32
2013_12_09,34,21
2013_12_06,36,22
2013_12_05,31,25
2013_12_04,25,20
2013_12_03,39,27
2013_12_02,10,3
2013_11_30,31,19
2013_11_29,31,21
2013_11_28,32,21
2013_11_27,35,25
2013_11_26,77,32
2013_11_25,21,17
2013_11_22,16,15
2013_11_21,21,16
2013_11_20,21,12
2013_11_19,19,16
2013_11_18,55,27
2013_11_15,34,21
2013_11_14,35,23
2013_11_13,28,21
2013_11_12,18,12
2013_11_11,64,30
2013_11_08,28,15
2013_11_07,25,15
2013_11_06,37,19
2013_11_05,23,18
2013_11_04,43,24
2013_11_01,16,14
2013_10_31,43,18
2013_10_30,39,18
2013_10_29,18,16
2013_10_28,49,20
2013_10_25,21,13
2013_10_24,36,25
2013_10_23,23,17
2013_10_22,21,13
2013_10_21,50,25
2013_10_18,20,16
2013_10_17,38,25
2013_10_16,26,17
2013_10_15,34,20
2013_10_14,49,27
2013_10_11,34,19
2013_10_10,14,9
2013_10_09,34,21
2013_10_08,18,13
2013_10_07,28,11
2013_10_04,31,12
2013_10_02,23,13
2013_10_01,27,15
2013_09_30,45,18
2013_09_28,14,8
2013_09_27,25,12
2013_09_26,20,11
2013_09_25,22,11
2013_09_24,27,20
2013_09_23,47,20
2013_09_20,17,10
2013_09_19,19,12
2013_09_18,38,16
2013_09_17,15,12
2013_09_16,26,17
2013_09_13,12,9
2013_09_12,14,12
2013_09_11,26,13
2013_09_10,13,11
2013_09_09,34,16
2013_09_07,3,1
2013_09_06,42,18
2013_09_05,17,14
2013_09_04,12,6
2013_09_03,25,14
2013_09_02,12,9
2013_08_31,13,6
2013_08_30,16,9
2013_08_29,24,14
2013_08_28,20,12
2013_08_27,21,11
2013_08_26,32,11
2013_08_23,2,2
2013_08_22,29,9
2013_08_21,19,9
2013_08_20,13,11
2013_08_19,28,16
2013_08_16,10,9
2013_08_15,10,7
2013_08_14,21,12
2013_08_13,14,8
2013_08_12,19,13
2013_08_09,9,9
2013_08_08,15,10
2013_08_07,5,5
2013_08_06,4,4
2013_08_05,21,10
2013_08_02,13,10
2013_08_01,6,6
2013_07_31,45,20
2013_07_30,28,15
2013_07_29,15,9
2013_07_26,22,10
2013_07_25,12,7
2013_07_24,24,13
2013_07_23,16,7
2013_07_22,23,13
2013_07_19,17,6
2013_07_18,24,14
2013_07_17,2,2
2013_07_16,3,3
2013_07_15,18,3
2013_07_12,18,6
2013_07_11,1,1
2013_07_10,12,3
2013_07_09,5,4
2013_07_08,6,6
2013_07_05,11,7
2013_07_04,13,6
2013_07_03,6,5
2013_07_02,5,4
2013_07_01,7,7
2013_06_29,13,10
2013_06_28,17,11
2013_06_27,28,13
2013_06_26,17,10
2013_06_25,13,9
2013_06_24,13,9
2013_06_21,8,7
2013_06_20,9,5
2013_06_19,13,11
2013_06_18,26,6
2013_06_17,13,10
2013_06_14,13,5
2013_06_13,5,5
2013_06_12,4,3
2013_06_11,10,5
2013_06_10,15,12
2013_06_07,7,6
2013_06_06,6,4
2013_06_05,3,3
2013_06_04,10,6
2013_06_03,19,13
2013_05_31,6,2
2013_05_30,8,6
2013_05_29,13,9
2013_05_28,20,10
2013_05_27,16,10
2013_05_24,9,6
2013_05_23,9,8
2013_05_22,15,9
2013_05_21,20,7
2013_05_18,2,2
2013_05_17,3,3
2013_05_16,10,8
2013_05_15,5,5
2013_05_14,13,9
2013_05_13,29,13
2013_05_10,18,9
2013_05_08,17,7
2013_05_07,13,6
2013_05_06,1,1
2013_05_03,6,6
2013_05_02,5,4
2013_04_30,4,4
2013_04_29,13,9
2013_04_26,9,7
2013_04_25,4,3
2013_04_24,12,8
2013_04_23,11,6
2013_04_22,13,8
2013_04_19,12,7
2013_04_18,6,3
2013_04_17,14,5
2013_04_16,7,4
2013_04_15,25,10
2013_04_13,2,2
2013_04_12,6,3
