dates,sales,unique_buyers
2024-05-26,43,39
2024-05-25,547,447
2024-05-24,627,521
2024-05-23,664,549
2024-05-22,689,535
2024-05-21,525,419
2024-05-20,384,320
2024-05-19,33,28
2024-05-18,644,501
2024-05-17,727,587
2024-05-16,661,531
2024-05-15,671,544
2024-05-14,691,551
2024-05-13,523,414
2024-05-12,35,31
2024-05-11,539,434
2024-05-10,445,378
2024-05-09,495,397
2024-05-08,607,484
2024-05-07,666,528
2024-05-06,580,463
2024-05-05,20,19
2024-05-04,510,403
2024-05-03,598,480
2024-05-02,475,388
2024-05-01,474,372
2024-04-30,665,499
2024-04-29,589,475
2024-04-28,46,42
2024-04-27,557,445
2024-04-26,643,507
2024-04-25,664,534
2024-04-24,634,507
2024-04-23,754,593
2024-04-22,628,483
2024-04-21,41,38
2024-04-20,655,513
2024-04-19,648,533
2024-04-18,705,566
2024-04-17,689,538
2024-04-16,715,532
2024-04-15,575,466
2024-04-14,41,38
2024-04-13,620,468
2024-04-12,643,513
2024-04-11,660,507
2024-04-10,645,518
2024-04-09,669,511
2024-04-08,537,442
2024-04-07,41,37
2024-04-06,550,422
2024-04-05,611,502
2024-04-04,670,491
2024-04-03,567,444
2024-04-02,391,329
2024-04-01,283,243
2024-03-31,20,17
2024-03-30,386,321
2024-03-29,718,562
2024-03-28,510,405
2024-03-27,682,539
2024-03-26,652,516
2024-03-25,592,427
2024-03-24,53,48
2024-03-23,647,466
2024-03-22,627,490
2024-03-21,628,485
2024-03-20,600,483
2024-03-19,671,519
2024-03-18,571,452
2024-03-17,30,24
2024-03-16,561,439
2024-03-15,595,492
2024-03-14,590,477
2024-03-13,627,510
2024-03-12,635,512
2024-03-11,564,460
2024-03-10,30,28
2024-03-09,583,427
2024-03-08,588,486
2024-03-07,644,510
2024-03-06,619,507
2024-03-05,652,525
2024-03-04,535,450
2024-03-03,31,26
2024-03-02,586,448
2024-03-01,722,569
2024-02-29,625,493
2024-02-28,621,510
2024-02-27,678,547
2024-02-26,619,482
2024-02-25,51,36
2024-02-24,611,477
2024-02-23,710,550
2024-02-22,692,539
2024-02-21,687,537
2024-02-20,701,537
2024-02-19,575,462
2024-02-18,33,28
2024-02-17,627,467
2024-02-16,642,492
2024-02-15,576,479
2024-02-14,581,463
2024-02-13,688,532
2024-02-12,558,459
2024-02-11,38,34
2024-02-10,597,469
2024-02-09,622,504
2024-02-08,625,508
2024-02-07,600,476
2024-02-06,625,510
2024-02-05,539,447
2024-02-04,34,31
2024-02-03,589,450
2024-02-02,563,461
2024-02-01,598,485
2024-01-31,602,500
2024-01-30,620,498
2024-01-29,556,454
2024-01-28,71,61
2024-01-27,531,400
2024-01-26,643,509
2024-01-25,591,474
2024-01-24,557,440
2024-01-23,642,494
2024-01-22,541,436
2024-01-21,42,34
2024-01-20,542,423
2024-01-19,563,450
2024-01-18,546,458
2024-01-17,587,462
2024-01-16,641,486
2024-01-15,499,395
2024-01-14,41,36
2024-01-13,533,419
2024-01-12,557,451
2024-01-11,491,394
2024-01-10,521,437
2024-01-09,539,428
2024-01-08,427,355
2024-01-07,52,45
2024-01-06,507,397
2024-01-05,595,447
2024-01-04,522,424
2024-01-03,419,351
2024-01-02,301,265
2024-01-01,249,194
2023-12-31,41,36
2023-12-30,362,292
2023-12-29,336,281
2023-12-28,449,356
2023-12-27,326,274
2023-12-26,247,202
2023-12-25,306,230
2023-12-24,26,22
2023-12-23,445,336
2023-12-22,509,398
2023-12-21,502,401
2023-12-20,449,373
2023-12-19,488,393
2023-12-18,442,346
2023-12-17,30,27
2023-12-16,430,358
2023-12-15,485,399
2023-12-14,513,409
2023-12-13,497,393
2023-12-12,488,397
2023-12-11,388,315
2023-12-10,29,27
2023-12-09,416,325
2023-12-08,446,384
2023-12-07,437,371
2023-12-06,540,398
2023-12-05,423,344
2023-12-04,390,319
2023-12-03,35,30
2023-12-02,433,345
2023-12-01,453,385
2023-11-30,480,377
2023-11-29,477,392
2023-11-28,501,409
2023-11-27,466,379
2023-11-26,28,26
2023-11-25,435,337
2023-11-24,583,449
2023-11-23,472,386
2023-11-22,537,441
2023-11-21,585,456
2023-11-20,453,365
2023-11-19,33,27
2023-11-18,515,416
2023-11-17,473,396
2023-11-16,564,430
2023-11-15,497,400
2023-11-14,649,526
2023-11-13,526,447
2023-11-12,33,30
2023-11-11,534,441
2023-11-10,574,469
2023-11-09,570,459
2023-11-08,619,456
2023-11-07,616,483
2023-11-06,579,485
2023-11-05,33,28
2023-11-04,489,377
2023-11-03,565,453
2023-11-02,494,421
2023-11-01,460,371
2023-10-31,610,469
2023-10-30,537,430
2023-10-29,28,26
2023-10-28,595,444
2023-10-27,591,474
2023-10-26,554,441
2023-10-25,538,434
2023-10-24,688,528
2023-10-23,489,413
2023-10-22,39,35
2023-10-21,522,406
2023-10-20,581,476
2023-10-19,572,452
2023-10-18,492,409
2023-10-17,661,506
2023-10-16,477,400
2023-10-15,20,20
2023-10-14,518,406
2023-10-13,638,499
2023-10-12,626,505
2023-10-11,505,395
2023-10-10,598,489
2023-10-09,492,417
2023-10-08,19,19
2023-10-07,514,392
2023-10-06,545,456
2023-10-05,515,426
2023-10-04,423,343
2023-10-03,423,359
2023-10-02,478,410
2023-10-01,34,29
2023-09-30,448,368
2023-09-29,530,430
2023-09-28,565,456
2023-09-27,492,415
2023-09-26,583,469
2023-09-25,511,387
2023-09-24,27,26
2023-09-23,451,353
2023-09-22,581,479
2023-09-21,518,425
2023-09-20,539,424
2023-09-19,551,437
2023-09-18,522,424
2023-09-17,21,21
2023-09-16,379,305
2023-09-15,481,393
2023-09-14,537,432
2023-09-13,515,428
2023-09-12,649,497
2023-09-11,309,257
2023-09-10,19,17
2023-09-09,466,342
2023-09-08,489,391
2023-09-07,537,429
2023-09-06,494,410
2023-09-05,568,450
2023-09-04,506,414
2023-09-03,27,22
2023-09-02,369,300
2023-09-01,538,414
2023-08-31,517,409
2023-08-30,550,435
2023-08-29,508,416
2023-08-28,488,402
2023-08-27,28,26
2023-08-26,416,325
2023-08-25,531,436
2023-08-24,521,420
2023-08-23,455,372
2023-08-22,489,395
2023-08-21,434,362
2023-08-20,38,26
2023-08-19,440,348
2023-08-18,514,409
2023-08-17,502,397
2023-08-16,467,367
2023-08-15,521,392
2023-08-14,410,323
2023-08-13,18,18
2023-08-12,462,361
2023-08-11,510,413
2023-08-10,500,397
2023-08-09,446,366
2023-08-08,479,397
2023-08-07,400,333
2023-08-06,32,28
2023-08-05,468,355
2023-08-04,528,411
2023-08-03,486,399
2023-08-02,473,383
2023-08-01,501,383
2023-07-31,449,383
2023-07-30,31,27
2023-07-29,473,370
2023-07-28,527,415
2023-07-27,519,411
2023-07-26,502,404
2023-07-25,514,409
2023-07-24,518,400
2023-07-23,26,23
2023-07-22,467,361
2023-07-21,585,429
2023-07-20,494,394
2023-07-19,499,392
2023-07-18,475,377
2023-07-17,442,358
2023-07-16,10,9
2023-07-15,465,354
2023-07-14,520,411
2023-07-13,459,365
2023-07-12,452,354
2023-07-11,515,400
2023-07-10,492,395
2023-07-09,20,18
2023-07-08,459,362
2023-07-07,510,386
2023-07-06,512,412
2023-07-05,431,329
2023-07-04,490,405
2023-07-03,517,397
2023-07-02,13,10
2023-07-01,445,341
2023-06-30,489,406
2023-06-29,502,409
2023-06-28,508,410
2023-06-27,491,409
2023-06-26,449,364
2023-06-25,20,20
2023-06-24,396,307
2023-06-23,518,402
2023-06-22,516,406
2023-06-21,454,359
2023-06-20,539,423
2023-06-19,526,413
2023-06-18,19,17
2023-06-17,495,374
2023-06-16,504,398
2023-06-15,527,408
2023-06-14,487,398
2023-06-13,558,418
2023-06-12,504,402
2023-06-11,15,11
2023-06-10,476,366
2023-06-09,588,465
2023-06-08,435,344
2023-06-07,511,399
2023-06-06,667,497
2023-06-05,520,417
2023-06-04,18,17
2023-06-03,504,369
2023-06-02,555,432
2023-06-01,484,382
2023-05-31,482,380
2023-05-30,457,368
2023-05-29,300,232
2023-05-28,21,20
2023-05-27,520,402
2023-05-26,521,426
2023-05-25,550,439
2023-05-24,572,446
2023-05-23,590,476
2023-05-22,565,431
2023-05-21,16,15
2023-05-20,350,266
2023-05-19,462,367
2023-05-18,431,346
2023-05-17,543,425
2023-05-16,598,487
2023-05-15,513,412
2023-05-14,23,22
2023-05-13,412,320
2023-05-12,535,440
2023-05-11,535,458
2023-05-10,524,430
2023-05-09,526,428
2023-05-08,484,388
2023-05-07,27,26
2023-05-06,480,381
2023-05-05,524,407
2023-05-04,504,408
2023-05-03,495,418
2023-05-02,376,317
2023-05-01,286,228
2023-04-30,18,18
2023-04-29,512,392
2023-04-28,536,445
2023-04-27,510,422
2023-04-26,517,432
2023-04-25,532,433
2023-04-24,511,399
2023-04-23,25,23
2023-04-22,424,323
2023-04-21,534,422
2023-04-20,535,405
2023-04-19,463,378
2023-04-18,509,413
2023-04-17,506,408
2023-04-16,18,17
2023-04-15,542,432
2023-04-14,544,421
2023-04-13,541,417
2023-04-12,498,403
2023-04-11,361,307
2023-04-10,238,197
2023-04-09,22,20
2023-04-08,296,249
2023-04-07,332,274
2023-04-06,468,391
2023-04-05,486,389
2023-04-04,511,423
2023-04-03,448,392
2023-04-02,12,11
2023-04-01,484,376
2023-03-31,547,444
2023-03-30,422,352
2023-03-29,560,443
2023-03-28,552,444
2023-03-27,466,388
2023-03-26,26,26
2023-03-25,500,387
2023-03-24,528,432
2023-03-23,561,447
2023-03-22,509,414
2023-03-21,535,433
2023-03-20,441,376
2023-03-19,17,14
2023-03-18,412,316
2023-03-17,510,410
2023-03-16,479,382
2023-03-15,461,402
2023-03-14,485,408
2023-03-13,456,388
2023-03-12,21,18
2023-03-11,468,389
2023-03-10,498,416
2023-03-09,441,376
2023-03-08,459,367
2023-03-07,528,437
2023-03-06,431,357
2023-03-05,28,26
2023-03-04,452,369
2023-03-03,489,393
2023-03-02,502,386
2023-03-01,494,415
2023-02-28,544,435
2023-02-27,463,401
2023-02-26,33,30
2023-02-25,492,386
2023-02-24,556,448
2023-02-23,615,484
2023-02-22,445,359
2023-02-21,599,484
2023-02-20,500,404
2023-02-19,24,24
2023-02-18,505,405
2023-02-17,585,489
2023-02-16,518,409
2023-02-15,526,427
2023-02-14,510,423
2023-02-13,511,403
2023-02-12,27,24
2023-02-11,482,386
2023-02-10,524,439
2023-02-09,459,392
2023-02-08,441,371
2023-02-07,478,398
2023-02-06,484,392
2023-02-05,84,79
2023-02-04,361,299
2023-02-03,496,396
2023-02-02,562,445
2023-02-01,462,380
2023-01-31,488,414
2023-01-30,483,401
2023-01-29,22,21
2023-01-28,488,404
2023-01-27,524,441
2023-01-26,455,393
2023-01-25,522,436
2023-01-24,581,489
2023-01-23,447,360
2023-01-22,27,25
2023-01-21,461,372
2023-01-20,511,422
2023-01-19,509,433
2023-01-18,475,383
2023-01-17,479,388
2023-01-16,518,437
2023-01-15,30,29
2023-01-14,469,382
2023-01-13,520,429
2023-01-12,491,406
2023-01-11,458,397
2023-01-10,477,380
2023-01-09,482,405
2023-01-08,18,17
2023-01-07,336,274
2023-01-06,431,343
2023-01-05,433,371
2023-01-04,419,359
2023-01-03,367,298
2023-01-02,342,270
2023-01-01,20,13
2022-12-31,304,234
2022-12-30,567,362
2022-12-29,396,317
2022-12-28,319,278
2022-12-27,319,276
2022-12-26,164,128
2022-12-25,14,11
2022-12-24,216,184
2022-12-23,372,312
2022-12-22,405,335
2022-12-21,338,299
2022-12-20,358,300
2022-12-19,379,314
2022-12-18,12,12
2022-12-17,303,256
2022-12-16,409,347
2022-12-15,392,326
2022-12-14,408,349
2022-12-13,424,359
2022-12-12,387,316
2022-12-11,32,22
2022-12-10,317,263
2022-12-09,441,364
2022-12-08,418,343
2022-12-07,417,348
2022-12-06,406,350
2022-12-05,431,378
2022-12-04,25,23
2022-12-03,425,344
2022-12-02,477,406
2022-12-01,439,369
2022-11-30,472,395
2022-11-29,482,404
2022-11-28,495,402
2022-11-27,23,18
2022-11-26,434,358
2022-11-25,488,414
2022-11-24,469,401
2022-11-23,502,431
2022-11-22,565,448
2022-11-21,453,383
2022-11-20,15,12
2022-11-19,520,427
2022-11-18,570,475
2022-11-17,489,406
2022-11-16,484,406
2022-11-15,498,414
2022-11-14,519,427
2022-11-13,20,20
2022-11-12,463,369
2022-11-11,523,431
2022-11-10,429,356
2022-11-09,500,415
2022-11-08,482,409
2022-11-07,513,421
2022-11-06,23,21
2022-11-05,479,400
2022-11-04,496,431
2022-11-03,539,441
2022-11-02,457,386
2022-11-01,434,356
2022-10-31,477,402
2022-10-30,18,15
2022-10-29,418,351
2022-10-28,483,400
2022-10-27,529,426
2022-10-26,502,427
2022-10-25,529,435
2022-10-24,518,417
2022-10-23,20,18
2022-10-22,410,337
2022-10-21,544,446
2022-10-20,477,393
2022-10-19,477,391
2022-10-18,493,421
2022-10-17,488,405
2022-10-16,21,21
2022-10-15,528,421
2022-10-14,541,444
2022-10-13,484,409
2022-10-12,521,423
2022-10-11,508,431
2022-10-10,487,388
2022-10-09,25,20
2022-10-08,443,359
2022-10-07,512,429
2022-10-06,516,435
2022-10-05,514,425
2022-10-04,446,351
2022-10-03,293,254
2022-10-02,30,27
2022-10-01,423,340
2022-09-30,554,452
2022-09-29,489,421
2022-09-28,533,446
2022-09-27,570,463
2022-09-26,526,446
2022-09-25,24,20
2022-09-24,444,355
2022-09-23,554,455
2022-09-22,488,384
2022-09-21,506,432
2022-09-20,513,425
2022-09-19,509,426
2022-09-18,25,23
2022-09-17,461,375
2022-09-16,534,436
2022-09-15,492,431
2022-09-14,543,440
2022-09-13,547,477
2022-09-12,508,427
2022-09-11,33,23
2022-09-10,453,392
2022-09-09,565,460
2022-09-08,471,398
2022-09-07,533,439
2022-09-06,578,465
2022-09-05,547,450
2022-09-04,29,26
2022-09-03,422,335
2022-09-02,564,448
2022-09-01,547,449
2022-08-31,533,435
2022-08-30,611,498
2022-08-29,539,446
2022-08-28,29,23
2022-08-27,455,370
2022-08-26,538,440
2022-08-25,526,418
2022-08-24,482,401
2022-08-23,598,495
2022-08-22,571,443
2022-08-21,30,25
2022-08-20,442,361
2022-08-19,590,475
2022-08-18,516,422
2022-08-17,534,432
2022-08-16,589,482
2022-08-15,475,397
2022-08-14,31,27
2022-08-13,443,351
2022-08-12,528,422
2022-08-11,525,431
2022-08-10,528,442
2022-08-09,597,460
2022-08-08,513,422
2022-08-07,33,26
2022-08-06,402,315
2022-08-05,524,420
2022-08-04,568,424
2022-08-03,551,447
2022-08-02,602,482
2022-08-01,476,388
2022-07-31,27,24
2022-07-30,396,326
2022-07-29,568,456
2022-07-28,555,445
2022-07-27,584,454
2022-07-26,584,452
2022-07-25,468,388
2022-07-24,15,15
2022-07-23,425,356
2022-07-22,599,475
2022-07-21,506,412
2022-07-20,558,445
2022-07-19,590,471
2022-07-18,551,436
2022-07-17,21,20
2022-07-16,449,352
2022-07-15,575,475
2022-07-14,535,441
2022-07-13,543,458
2022-07-12,547,466
2022-07-11,482,403
2022-07-10,22,20
2022-07-09,445,352
2022-07-08,576,476
2022-07-07,572,455
2022-07-06,573,437
2022-07-05,604,471
2022-07-04,502,423
2022-07-03,19,17
2022-07-02,400,320
2022-07-01,614,471
2022-06-30,551,452
2022-06-29,571,457
2022-06-28,606,475
2022-06-27,515,413
2022-06-26,20,18
2022-06-25,429,317
2022-06-24,561,447
2022-06-23,548,437
2022-06-22,595,464
2022-06-21,641,501
2022-06-20,561,452
2022-06-19,23,18
2022-06-18,495,411
2022-06-17,533,420
2022-06-16,474,399
2022-06-15,620,486
2022-06-14,519,422
2022-06-13,568,469
2022-06-12,18,16
2022-06-11,509,396
2022-06-10,571,470
2022-06-09,588,480
2022-06-08,601,488
2022-06-07,561,444
2022-06-06,283,233
2022-06-05,29,23
2022-06-04,481,384
2022-06-03,564,470
2022-06-02,552,460
2022-06-01,623,509
2022-05-31,681,543
2022-05-30,602,481
2022-05-29,22,20
2022-05-28,470,376
2022-05-27,503,419
2022-05-26,339,276
2022-05-25,593,480
2022-05-24,625,478
2022-05-23,616,502
2022-05-22,30,27
2022-05-21,547,432
2022-05-20,702,550
2022-05-19,596,478
2022-05-18,566,470
2022-05-17,556,450
2022-05-16,526,426
2022-05-15,46,43
2022-05-14,447,349
2022-05-13,582,482
2022-05-12,552,452
2022-05-11,568,454
2022-05-10,596,495
2022-05-09,575,473
2022-05-08,24,21
2022-05-07,493,391
2022-05-06,606,499
2022-05-05,568,467
2022-05-04,582,464
2022-05-03,607,471
2022-05-02,632,496
2022-05-01,0,0
2022-04-30,524,413
2022-04-29,529,444
2022-04-28,566,479
2022-04-27,586,492
2022-04-26,558,435
2022-04-25,576,469
2022-04-24,31,25
2022-04-23,500,385
2022-04-22,592,464
2022-04-21,582,467
2022-04-20,543,447
2022-04-19,426,352
2022-04-18,184,149
2022-04-17,23,18
2022-04-16,280,238
2022-04-15,337,271
2022-04-14,538,442
2022-04-13,529,431
2022-04-12,556,454
2022-04-11,588,469
2022-04-10,32,26
2022-04-09,455,389
2022-04-08,509,432
2022-04-07,568,474
2022-04-06,524,439
2022-04-05,611,503
2022-04-04,582,466
2022-04-03,50,40
2022-04-02,512,408
2022-04-01,631,494
2022-03-31,624,493
2022-03-30,599,475
2022-03-29,665,511
2022-03-28,534,455
2022-03-27,19,17
2022-03-26,480,388
2022-03-25,543,439
2022-03-24,597,449
2022-03-23,526,435
2022-03-22,585,463
2022-03-21,576,474
2022-03-20,40,39
2022-03-19,527,420
2022-03-18,549,455
2022-03-17,550,467
2022-03-16,574,465
2022-03-15,606,481
2022-03-14,573,450
2022-03-13,32,26
2022-03-12,514,399
2022-03-11,496,404
2022-03-10,550,448
2022-03-09,498,395
2022-03-08,505,420
2022-03-07,518,416
2022-03-06,41,30
2022-03-05,490,404
2022-03-04,573,454
2022-03-03,523,416
2022-03-02,565,456
2022-03-01,527,427
2022-02-28,566,452
2022-02-27,44,41
2022-02-26,434,356
2022-02-25,566,436
2022-02-24,529,416
2022-02-23,553,449
2022-02-22,642,507
2022-02-21,619,491
2022-02-20,30,28
2022-02-19,532,423
2022-02-18,729,572
2022-02-17,587,486
2022-02-16,673,536
2022-02-15,683,527
2022-02-14,654,506
2022-02-13,31,27
2022-02-12,496,418
2022-02-11,575,472
2022-02-10,547,443
2022-02-09,595,481
2022-02-08,681,556
2022-02-07,646,519
2022-02-06,28,25
2022-02-05,568,444
2022-02-04,566,470
2022-02-03,541,448
2022-02-02,597,496
2022-02-01,637,502
2022-01-31,637,510
2022-01-30,23,22
2022-01-29,549,424
2022-01-28,549,442
2022-01-27,554,451
2022-01-26,670,514
2022-01-25,623,513
2022-01-24,633,506
2022-01-23,29,25
2022-01-22,543,444
2022-01-21,654,521
2022-01-20,580,473
2022-01-19,604,497
2022-01-18,680,545
2022-01-17,671,530
2022-01-16,35,29
2022-01-15,573,474
2022-01-14,850,649
2022-01-13,447,356
2022-01-12,617,471
2022-01-11,725,531
2022-01-10,634,493
2022-01-09,44,32
2022-01-08,660,504
2022-01-07,684,544
2022-01-06,632,493
2022-01-05,681,528
2022-01-04,647,506
2022-01-03,586,463
2022-01-02,39,31
2022-01-01,155,124
2021-12-31,420,334
2021-12-30,665,515
2021-12-29,647,490
2021-12-28,542,438
2021-12-27,440,361
2021-12-26,32,24
2021-12-25,162,136
2021-12-24,270,219
2021-12-23,541,418
2021-12-22,554,434
2021-12-21,555,432
2021-12-20,523,439
2021-12-19,30,29
2021-12-18,446,366
2021-12-17,549,451
2021-12-16,555,419
2021-12-15,589,454
2021-12-14,565,435
2021-12-13,538,450
2021-12-12,28,25
2021-12-11,492,401
2021-12-10,570,448
2021-12-09,468,392
2021-12-08,598,469
2021-12-07,651,512
2021-12-06,568,445
2021-12-05,13,13
2021-12-04,512,427
2021-12-03,612,509
2021-12-02,613,479
2021-12-01,574,460
2021-11-30,638,494
2021-11-29,583,469
2021-11-28,21,19
2021-11-27,481,396
2021-11-26,612,495
2021-11-25,585,463
2021-11-24,584,473
2021-11-23,622,523
2021-11-22,615,483
2021-11-21,28,20
2021-11-20,518,451
2021-11-19,651,531
2021-11-18,625,494
2021-11-17,650,517
2021-11-16,649,519
2021-11-15,673,522
2021-11-14,19,19
2021-11-13,530,422
2021-11-12,670,544
2021-11-11,566,465
2021-11-10,679,537
2021-11-09,707,558
2021-11-08,652,515
2021-11-07,23,20
2021-11-06,601,467
2021-11-05,701,570
2021-11-04,610,498
2021-11-03,660,514
2021-11-02,612,469
2021-11-01,522,407
2021-10-31,22,22
2021-10-30,577,457
2021-10-29,675,548
2021-10-28,652,546
2021-10-27,721,580
2021-10-26,744,554
2021-10-25,676,523
2021-10-24,30,29
2021-10-23,520,441
2021-10-22,752,589
2021-10-21,886,671
2021-10-20,548,412
2021-10-19,744,583
2021-10-18,682,560
2021-10-17,28,25
2021-10-16,556,456
2021-10-15,786,645
2021-10-14,735,596
2021-10-13,730,576
2021-10-12,710,562
2021-10-11,654,543
2021-10-10,23,20
2021-10-09,540,432
2021-10-08,697,572
2021-10-07,739,574
2021-10-06,743,587
2021-10-05,742,565
2021-10-04,653,555
2021-10-03,27,24
2021-10-02,549,437
2021-10-01,721,572
2021-09-30,686,553
2021-09-29,698,546
2021-09-28,691,542
2021-09-27,653,532
2021-09-26,31,26
2021-09-25,564,455
2021-09-24,699,558
2021-09-23,723,585
2021-09-22,652,528
2021-09-21,687,554
2021-09-20,660,536
2021-09-19,31,29
2021-09-18,511,408
2021-09-17,663,530
2021-09-16,684,538
2021-09-15,685,557
2021-09-14,682,546
2021-09-13,636,506
2021-09-12,26,24
2021-09-11,583,474
2021-09-10,710,585
2021-09-09,705,555
2021-09-08,737,589
2021-09-07,734,578
2021-09-06,729,590
2021-09-05,18,18
2021-09-04,528,415
2021-09-03,657,515
2021-09-02,662,535
2021-09-01,704,570
2021-08-31,733,557
2021-08-30,709,556
2021-08-29,28,27
2021-08-28,635,507
2021-08-27,719,578
2021-08-26,729,567
2021-08-25,750,574
2021-08-24,752,570
2021-08-23,679,531
2021-08-22,40,34
2021-08-21,531,440
2021-08-20,656,508
2021-08-19,716,558
2021-08-18,692,550
2021-08-17,688,524
2021-08-16,654,499
2021-08-15,17,17
2021-08-14,529,434
2021-08-13,712,566
2021-08-12,739,559
2021-08-11,685,521
2021-08-10,648,506
2021-08-09,652,526
2021-08-08,27,26
2021-08-07,529,408
2021-08-06,691,543
2021-08-05,758,555
2021-08-04,662,562
2021-08-03,712,546
2021-08-02,576,461
2021-08-01,26,23
2021-07-31,581,457
2021-07-30,656,540
2021-07-29,688,536
2021-07-28,682,534
2021-07-27,684,544
2021-07-26,678,528
2021-07-25,22,22
2021-07-24,556,455
2021-07-23,778,596
2021-07-22,695,530
2021-07-21,662,520
2021-07-20,691,516
2021-07-19,675,534
2021-07-18,17,17
2021-07-17,547,433
2021-07-16,682,551
2021-07-15,702,526
2021-07-14,650,532
2021-07-13,677,523
2021-07-12,648,531
2021-07-11,11,11
2021-07-10,512,415
2021-07-09,683,540
2021-07-08,684,539
2021-07-07,651,505
2021-07-06,675,528
2021-07-05,661,533
2021-07-04,22,21
2021-07-03,611,477
2021-07-02,676,510
2021-07-01,688,536
2021-06-30,717,567
2021-06-29,570,469
2021-06-28,697,546
2021-06-27,20,19
2021-06-26,580,444
2021-06-25,696,555
2021-06-24,685,535
2021-06-23,667,516
2021-06-22,642,503
2021-06-21,656,528
2021-06-20,15,15
2021-06-19,564,461
2021-06-18,645,518
2021-06-17,673,533
2021-06-16,665,515
2021-06-15,676,531
2021-06-14,681,513
2021-06-13,16,15
2021-06-12,609,471
2021-06-11,718,545
2021-06-10,723,574
2021-06-09,720,568
2021-06-08,717,543
2021-06-07,711,554
2021-06-06,28,26
2021-06-05,593,467
2021-06-04,598,485
2021-06-03,637,474
2021-06-02,670,518
2021-06-01,685,544
2021-05-31,700,568
2021-05-30,21,18
2021-05-29,558,454
2021-05-28,741,578
2021-05-27,696,533
2021-05-26,717,550
2021-05-25,568,465
2021-05-24,409,325
2021-05-23,20,20
2021-05-22,663,512
2021-05-21,660,532
2021-05-20,752,594
2021-05-19,711,568
2021-05-18,743,576
2021-05-17,699,549
2021-05-16,47,46
2021-05-15,594,475
2021-05-14,613,487
2021-05-13,531,409
2021-05-12,677,547
2021-05-11,714,559
2021-05-10,760,586
2021-05-09,13,13
2021-05-08,641,487
2021-05-07,688,551
2021-05-06,723,554
2021-05-05,679,537
2021-05-04,628,494
2021-05-03,628,514
2021-05-02,25,20
2021-05-01,417,343
2021-04-30,686,570
2021-04-29,673,569
2021-04-28,688,544
2021-04-27,647,546
2021-04-26,718,550
2021-04-25,27,27
2021-04-24,544,445
2021-04-23,642,529
2021-04-22,647,507
2021-04-21,666,549
2021-04-20,640,520
2021-04-19,676,550
2021-04-18,57,53
2021-04-17,518,418
2021-04-16,649,533
2021-04-15,618,502
2021-04-14,688,548
2021-04-13,666,531
2021-04-12,652,517
2021-04-11,24,23
2021-04-10,658,526
2021-04-09,678,543
2021-04-08,701,568
2021-04-07,661,521
2021-04-06,438,367
2021-04-05,331,259
2021-04-04,24,20
2021-04-03,430,362
2021-04-02,416,338
2021-04-01,604,494
2021-03-31,636,494
2021-03-30,921,708
2021-03-29,465,369
2021-03-28,26,21
2021-03-27,599,475
2021-03-26,620,505
2021-03-25,605,493
2021-03-24,610,500
2021-03-23,649,515
2021-03-22,621,498
2021-03-21,28,24
2021-03-20,621,497
2021-03-19,600,487
2021-03-18,718,553
2021-03-17,637,521
2021-03-16,693,548
2021-03-15,680,530
2021-03-14,33,31
2021-03-13,655,525
2021-03-12,696,540
2021-03-11,680,552
2021-03-10,646,538
2021-03-09,663,550
2021-03-08,632,517
2021-03-07,32,26
2021-03-06,605,485
2021-03-05,618,491
2021-03-04,662,522
2021-03-03,620,477
2021-03-02,599,489
2021-03-01,607,485
2021-02-28,27,23
2021-02-27,564,447
2021-02-26,593,481
2021-02-25,567,466
2021-02-24,537,417
2021-02-23,527,440
2021-02-22,536,443
2021-02-21,28,18
2021-02-20,499,405
2021-02-19,477,407
2021-02-18,518,422
2021-02-17,441,376
2021-02-16,482,406
2021-02-15,480,394
2021-02-14,17,13
2021-02-13,500,392
2021-02-12,555,458
2021-02-11,463,392
2021-02-10,436,365
2021-02-09,492,398
2021-02-08,556,468
2021-02-07,29,27
2021-02-06,523,431
2021-02-05,568,462
2021-02-04,519,424
2021-02-03,519,421
2021-02-02,539,436
2021-02-01,602,480
2021-01-31,13,11
2021-01-30,535,445
2021-01-29,530,430
2021-01-28,568,467
2021-01-27,531,433
2021-01-26,526,424
2021-01-25,553,442
2021-01-24,51,50
2021-01-23,485,398
2021-01-22,508,442
2021-01-21,490,389
2021-01-20,521,440
2021-01-19,488,392
2021-01-18,585,492
2021-01-17,33,32
2021-01-16,464,369
2021-01-15,485,407
2021-01-14,500,396
2021-01-13,473,401
2021-01-12,470,365
2021-01-11,553,450
2021-01-10,17,17
2021-01-09,419,353
2021-01-08,478,393
2021-01-07,469,363
2021-01-06,441,363
2021-01-05,410,341
2021-01-04,520,420
2021-01-03,25,25
2021-01-02,1739,1077
2021-01-01,0,0
2020-12-31,0,0
2020-12-30,2,2
2020-12-29,107,97
2020-12-28,335,288
2020-12-27,16,15
2020-12-26,130,92
2020-12-25,148,117
2020-12-24,267,223
2020-12-23,387,314
2020-12-22,432,350
2020-12-21,417,340
2020-12-20,27,20
2020-12-19,308,257
2020-12-18,359,317
2020-12-17,398,342
2020-12-16,521,420
2020-12-15,546,443
2020-12-14,547,451
2020-12-13,14,14
2020-12-12,469,389
2020-12-11,479,406
2020-12-10,564,460
2020-12-09,482,414
2020-12-08,519,423
2020-12-07,523,442
2020-12-06,42,42
2020-12-05,432,351
2020-12-04,525,433
2020-12-03,507,422
2020-12-02,481,406
2020-12-01,517,419
2020-11-30,630,513
2020-11-29,15,14
2020-11-28,478,369
2020-11-27,552,452
2020-11-26,543,462
2020-11-25,569,479
2020-11-24,690,518
2020-11-23,633,521
2020-11-22,17,14
2020-11-21,495,408
2020-11-20,610,500
2020-11-19,554,461
2020-11-18,526,427
2020-11-17,539,423
2020-11-16,612,498
2020-11-15,24,21
2020-11-14,541,433
2020-11-13,595,492
2020-11-12,558,464
2020-11-11,497,413
2020-11-10,557,460
2020-11-09,604,483
2020-11-08,18,18
2020-11-07,506,418
2020-11-06,586,493
2020-11-05,618,486
2020-11-04,562,445
2020-11-03,516,435
2020-11-02,625,509
2020-11-01,22,20
2020-10-31,475,370
2020-10-30,592,476
2020-10-29,641,517
2020-10-28,550,458
2020-10-27,620,504
2020-10-26,652,533
2020-10-25,47,41
2020-10-24,442,353
2020-10-23,633,513
2020-10-22,570,462
2020-10-21,553,423
2020-10-20,642,509
2020-10-19,664,499
2020-10-18,18,18
2020-10-17,541,394
2020-10-16,623,489
2020-10-15,618,485
2020-10-14,623,506
2020-10-13,625,498
2020-10-12,613,488
2020-10-11,20,20
2020-10-10,556,439
2020-10-09,609,482
2020-10-08,557,465
2020-10-07,615,469
2020-10-06,627,497
2020-10-05,536,415
2020-10-04,41,33
2020-10-03,409,310
2020-10-02,659,523
2020-10-01,625,493
2020-09-30,644,510
2020-09-29,600,485
2020-09-28,597,470
2020-09-27,15,15
2020-09-26,508,404
2020-09-25,613,503
2020-09-24,621,485
2020-09-23,619,481
2020-09-22,574,454
2020-09-21,599,483
2020-09-20,12,10
2020-09-19,501,404
2020-09-18,599,480
2020-09-17,641,493
2020-09-16,538,425
2020-09-15,579,442
2020-09-14,600,478
2020-09-13,16,10
2020-09-12,477,389
2020-09-11,610,479
2020-09-10,573,459
2020-09-09,547,430
2020-09-08,646,500
2020-09-07,611,482
2020-09-06,33,32
2020-09-05,467,373
2020-09-04,596,474
2020-09-03,593,470
2020-09-02,599,464
2020-09-01,709,532
2020-08-31,537,416
2020-08-30,14,12
2020-08-29,554,444
2020-08-28,594,461
2020-08-27,597,484
2020-08-26,574,480
2020-08-25,592,466
2020-08-24,576,462
2020-08-23,12,12
2020-08-22,497,398
2020-08-21,618,504
2020-08-20,572,470
2020-08-19,551,462
2020-08-18,614,499
2020-08-17,493,402
2020-08-16,14,14
2020-08-15,457,383
2020-08-14,572,470
2020-08-13,543,441
2020-08-12,510,415
2020-08-11,588,465
2020-08-10,531,422
2020-08-09,15,14
2020-08-08,471,377
2020-08-07,562,433
2020-08-06,484,397
2020-08-05,536,444
2020-08-04,553,451
2020-08-03,563,446
2020-08-02,16,15
2020-08-01,414,330
2020-07-31,539,452
2020-07-30,576,461
2020-07-29,566,451
2020-07-28,505,400
2020-07-27,529,419
2020-07-26,13,12
2020-07-25,482,389
2020-07-24,526,424
2020-07-23,519,398
2020-07-22,551,442
2020-07-21,511,402
2020-07-20,502,404
2020-07-19,18,15
2020-07-18,477,397
2020-07-17,545,434
2020-07-16,542,420
2020-07-15,526,438
2020-07-14,513,428
2020-07-13,551,452
2020-07-12,13,12
2020-07-11,539,413
2020-07-10,580,462
2020-07-09,604,491
2020-07-08,518,422
2020-07-07,560,425
2020-07-06,537,410
2020-07-05,15,13
2020-07-04,483,384
2020-07-03,520,410
2020-07-02,429,357
2020-07-01,1513,995
2020-06-30,2,2
2020-06-29,218,194
2020-06-28,12,10
2020-06-27,391,325
2020-06-26,440,350
2020-06-25,387,338
2020-06-24,430,345
2020-06-23,484,400
2020-06-22,471,384
2020-06-21,12,11
2020-06-20,422,329
2020-06-19,479,397
2020-06-18,426,363
2020-06-17,446,363
2020-06-16,487,401
2020-06-15,464,381
2020-06-14,27,24
2020-06-13,374,305
2020-06-12,352,295
2020-06-11,334,268
2020-06-10,419,356
2020-06-09,406,336
2020-06-08,490,389
2020-06-07,13,13
2020-06-06,375,305
2020-06-05,373,318
2020-06-04,413,342
2020-06-03,380,324
2020-06-02,313,268
2020-06-01,289,218
2020-05-31,11,11
2020-05-30,393,340
2020-05-29,400,341
2020-05-28,414,340
2020-05-27,350,296
2020-05-26,410,339
2020-05-25,466,377
2020-05-24,10,10
2020-05-23,359,308
2020-05-22,346,288
2020-05-21,228,188
2020-05-20,363,314
2020-05-19,368,308
2020-05-18,453,368
2020-05-17,6,6
2020-05-16,275,230
2020-05-15,384,311
2020-05-14,333,280
2020-05-13,262,224
2020-05-12,331,280
2020-05-11,254,214
2020-05-10,4,4
2020-05-09,177,144
2020-05-08,176,154
2020-05-07,288,239
2020-05-06,281,238
2020-05-05,229,190
2020-05-04,220,174
2020-05-03,25,24
2020-05-02,129,108
2020-05-01,192,169
2020-04-30,290,239
2020-04-29,203,173
2020-04-28,215,175
2020-04-27,181,158
2020-04-26,5,5
2020-04-25,136,110
2020-04-24,136,113
2020-04-23,200,173
2020-04-22,132,110
2020-04-21,184,160
2020-04-20,192,159
2020-04-19,2,2
2020-04-18,106,87
2020-04-17,137,118
2020-04-16,185,140
2020-04-15,123,112
2020-04-14,124,100
2020-04-13,100,88
2020-04-12,4,4
2020-04-11,110,91
2020-04-10,82,65
2020-04-09,124,107
2020-04-08,92,81
2020-04-07,113,100
2020-04-06,109,97
2020-04-05,1,1
2020-04-04,68,60
2020-04-03,122,100
2020-04-02,115,96
2020-04-01,105,92
2020-03-31,103,94
2020-03-30,142,108
2020-03-29,4,4
2020-03-28,68,63
2020-03-27,143,118
2020-03-26,139,106
2020-03-25,109,96
2020-03-24,128,103
2020-03-23,114,94
2020-03-22,6,6
2020-03-21,109,91
2020-03-20,215,183
2020-03-19,268,226
2020-03-18,292,252
2020-03-17,396,335
2020-03-16,440,366
2020-03-15,6,6
2020-03-14,400,341
2020-03-13,519,424
2020-03-12,556,456
2020-03-11,586,468
2020-03-10,744,593
2020-03-09,718,601
2020-03-08,21,20
2020-03-07,559,419
2020-03-06,671,571
2020-03-05,707,554
2020-03-04,713,598
2020-03-03,721,571
2020-03-02,785,627
2020-03-01,16,14
2020-02-29,644,487
2020-02-28,769,615
2020-02-27,772,602
2020-02-26,730,579
2020-02-25,768,611
2020-02-24,746,588
2020-02-23,22,18
2020-02-22,564,459
2020-02-21,760,569
2020-02-20,724,595
2020-02-19,722,588
2020-02-18,754,623
2020-02-17,806,618
2020-02-16,23,21
2020-02-15,596,471
2020-02-14,687,573
2020-02-13,715,569
2020-02-12,691,569
2020-02-11,747,594
2020-02-10,830,663
2020-02-09,26,22
2020-02-08,596,457
2020-02-07,768,581
2020-02-06,693,541
2020-02-05,696,558
2020-02-04,764,606
2020-02-03,782,635
2020-02-02,19,18
2020-02-01,585,448
2020-01-31,775,624
2020-01-30,725,587
2020-01-29,711,560
2020-01-28,807,637
2020-01-27,765,603
2020-01-26,12,12
2020-01-25,599,474
2020-01-24,680,562
2020-01-23,735,595
2020-01-22,785,616
2020-01-21,787,629
2020-01-20,843,654
2020-01-19,32,32
2020-01-18,550,431
2020-01-17,663,532
2020-01-16,703,570
2020-01-15,745,587
2020-01-14,737,589
2020-01-13,724,588
2020-01-12,30,29
2020-01-11,614,474
2020-01-10,743,601
2020-01-09,765,586
2020-01-08,652,515
2020-01-07,666,539
2020-01-06,652,508
2020-01-05,21,19
2020-01-04,509,409
2020-01-03,573,446
2020-01-02,573,442
2020-01-01,178,134
2019-12-31,434,339
2019-12-30,653,514
2019-12-29,16,16
2019-12-28,435,326
2019-12-27,433,355
2019-12-26,232,180
2019-12-25,238,188
2019-12-24,383,293
2019-12-23,635,516
2019-12-22,14,11
2019-12-21,513,398
2019-12-20,624,497
2019-12-19,597,489
2019-12-18,673,531
2019-12-17,591,501
2019-12-16,626,512
2019-12-15,16,15
2019-12-14,484,406
2019-12-13,577,466
2019-12-12,610,495
2019-12-11,643,517
2019-12-10,628,515
2019-12-09,701,540
2019-12-08,15,13
2019-12-07,463,384
2019-12-06,661,541
2019-12-05,628,523
2019-12-04,647,542
2019-12-03,674,541
2019-12-02,672,555
2019-12-01,7,7
2019-11-30,478,394
2019-11-29,630,504
2019-11-28,720,576
2019-11-27,601,496
2019-11-26,710,587
2019-11-25,786,628
2019-11-24,16,16
2019-11-23,567,447
2019-11-22,702,571
2019-11-21,669,544
2019-11-20,732,612
2019-11-19,747,612
2019-11-18,774,627
2019-11-17,15,13
2019-11-16,546,450
2019-11-15,700,582
2019-11-14,703,574
2019-11-13,681,558
2019-11-12,744,597
2019-11-11,745,589
2019-11-10,16,16
2019-11-09,581,454
2019-11-08,791,635
2019-11-07,733,587
2019-11-06,699,555
2019-11-05,736,580
2019-11-04,797,624
2019-11-03,10,10
2019-11-02,541,436
2019-11-01,520,436
2019-10-31,711,590
2019-10-30,733,586
2019-10-29,749,610
2019-10-28,856,696
2019-10-27,18,16
2019-10-26,536,438
2019-10-25,735,593
2019-10-24,748,599
2019-10-23,717,567
2019-10-22,805,636
2019-10-21,793,621
2019-10-20,17,16
2019-10-19,549,434
2019-10-18,733,591
2019-10-17,744,624
2019-10-16,732,600
2019-10-15,747,587
2019-10-14,890,679
2019-10-13,14,14
2019-10-12,565,456
2019-10-11,733,603
2019-10-10,776,611
2019-10-09,723,582
2019-10-08,797,645
2019-10-07,841,664
2019-10-06,13,13
2019-10-05,580,468
2019-10-04,605,511
2019-10-03,529,416
2019-10-02,806,654
2019-10-01,826,656
2019-09-30,924,737
2019-09-29,19,19
2019-09-28,528,428
2019-09-27,807,681
2019-09-26,801,651
2019-09-25,844,679
2019-09-24,810,686
2019-09-23,875,686
2019-09-22,18,17
2019-09-21,552,448
2019-09-20,757,608
2019-09-19,777,608
2019-09-18,802,646
2019-09-17,795,614
2019-09-16,909,697
2019-09-15,16,14
2019-09-14,614,493
2019-09-13,756,613
2019-09-12,810,625
2019-09-11,802,620
2019-09-10,834,660
2019-09-09,887,681
2019-09-08,15,15
2019-09-07,528,421
2019-09-06,754,611
2019-09-05,754,613
2019-09-04,760,590
2019-09-03,788,607
2019-09-02,799,633
2019-09-01,12,11
2019-08-31,515,384
2019-08-30,766,582
2019-08-29,726,583
2019-08-28,717,562
2019-08-27,779,625
2019-08-26,826,630
2019-08-25,24,22
2019-08-24,510,397
2019-08-23,766,587
2019-08-22,753,575
2019-08-21,785,629
2019-08-20,755,566
2019-08-19,823,621
2019-08-18,15,13
2019-08-17,486,374
2019-08-16,723,558
2019-08-15,711,545
2019-08-14,733,557
2019-08-13,713,550
2019-08-12,788,597
2019-08-11,17,17
2019-08-10,483,379
2019-08-09,756,596
2019-08-08,731,573
2019-08-07,791,567
2019-08-06,679,531
2019-08-05,803,612
2019-08-04,16,15
2019-08-03,515,383
2019-08-02,722,555
2019-08-01,662,527
2019-07-31,676,523
2019-07-30,715,529
2019-07-29,714,554
2019-07-28,9,9
2019-07-27,493,379
2019-07-26,746,577
2019-07-25,750,584
2019-07-24,672,526
2019-07-23,755,594
2019-07-22,798,616
2019-07-21,20,16
2019-07-20,477,381
2019-07-19,663,507
2019-07-18,727,567
2019-07-17,761,580
2019-07-16,704,544
2019-07-15,833,625
2019-07-14,20,20
2019-07-13,500,382
2019-07-12,734,574
2019-07-11,679,549
2019-07-10,695,532
2019-07-09,737,564
2019-07-08,849,683
2019-07-07,17,13
2019-07-06,408,326
2019-07-05,692,537
2019-07-04,669,521
2019-07-03,632,503
2019-07-02,677,527
2019-07-01,698,519
2019-06-30,19,19
2019-06-29,437,351
2019-06-28,660,519
2019-06-27,618,522
2019-06-26,647,502
2019-06-25,683,534
2019-06-24,693,552
2019-06-23,18,16
2019-06-22,479,375
2019-06-21,571,463
2019-06-20,573,427
2019-06-19,661,504
2019-06-18,647,507
2019-06-17,807,593
2019-06-16,11,10
2019-06-15,423,330
2019-06-14,656,526
2019-06-13,771,546
2019-06-12,503,418
2019-06-11,718,561
2019-06-10,527,373
2019-06-09,15,15
2019-06-08,440,358
2019-06-07,608,478
2019-06-06,635,509
2019-06-05,606,487
2019-06-04,674,518
2019-06-03,716,575
2019-06-02,18,17
2019-06-01,519,412
2019-05-31,587,466
2019-05-30,410,337
2019-05-29,675,536
2019-05-28,703,548
2019-05-27,700,546
2019-05-26,27,24
2019-05-25,515,393
2019-05-24,646,534
2019-05-23,649,519
2019-05-22,619,468
2019-05-21,709,566
2019-05-20,761,575
2019-05-19,29,25
2019-05-18,489,387
2019-05-17,651,528
2019-05-16,737,566
2019-05-15,670,538
2019-05-14,682,528
2019-05-13,718,560
2019-05-12,19,17
2019-05-11,511,415
2019-05-10,699,559
2019-05-09,697,560
2019-05-08,718,536
2019-05-07,695,541
2019-05-06,719,561
2019-05-05,23,22
2019-05-04,503,394
2019-05-03,636,514
2019-05-02,556,437
2019-05-01,368,296
2019-04-30,678,535
2019-04-29,777,569
2019-04-28,18,18
2019-04-27,507,393
2019-04-26,598,484
2019-04-25,689,503
2019-04-24,625,489
2019-04-23,498,423
2019-04-22,327,265
2019-04-21,17,16
2019-04-20,346,280
2019-04-19,411,328
2019-04-18,664,529
2019-04-17,713,551
2019-04-16,627,508
2019-04-15,704,537
2019-04-14,16,15
2019-04-13,589,458
2019-04-12,632,500
2019-04-11,703,565
2019-04-10,657,521
2019-04-09,654,518
2019-04-08,758,604
2019-04-07,24,23
2019-04-06,520,404
2019-04-05,688,536
2019-04-04,651,503
2019-04-03,654,527
2019-04-02,722,564
2019-04-01,712,567
2019-03-31,27,26
2019-03-30,489,354
2019-03-29,697,533
2019-03-28,656,486
2019-03-27,701,541
2019-03-26,722,579
2019-03-25,753,589
2019-03-24,16,15
2019-03-23,485,391
2019-03-22,617,493
2019-03-21,641,496
2019-03-20,643,522
2019-03-19,696,522
2019-03-18,780,583
2019-03-17,15,14
2019-03-16,558,439
2019-03-15,695,537
2019-03-14,722,560
2019-03-13,701,539
2019-03-12,689,543
2019-03-11,742,570
2019-03-10,20,17
2019-03-09,500,374
2019-03-08,655,506
2019-03-07,659,493
2019-03-06,675,532
2019-03-05,663,516
2019-03-04,660,514
2019-03-03,23,22
2019-03-02,493,401
2019-03-01,709,552
2019-02-28,645,503
2019-02-27,631,506
2019-02-26,683,543
2019-02-25,741,580
2019-02-24,23,20
2019-02-23,545,417
2019-02-22,670,532
2019-02-21,680,563
2019-02-20,603,484
2019-02-19,684,565
2019-02-18,697,563
2019-02-17,14,14
2019-02-16,469,366
2019-02-15,558,462
2019-02-14,635,513
2019-02-13,620,480
2019-02-12,689,541
2019-02-11,695,569
2019-02-10,34,33
2019-02-09,506,390
2019-02-08,611,489
2019-02-07,545,443
2019-02-06,572,473
2019-02-05,652,516
2019-02-04,780,617
2019-02-03,10,10
2019-02-02,498,396
2019-02-01,609,495
2019-01-31,674,538
2019-01-30,604,496
2019-01-29,650,523
2019-01-28,783,614
2019-01-27,14,13
2019-01-26,538,425
2019-01-25,618,511
2019-01-24,612,488
2019-01-23,623,500
2019-01-22,728,568
2019-01-21,761,576
2019-01-20,10,9
2019-01-19,526,396
2019-01-18,607,489
2019-01-17,642,509
2019-01-16,659,517
2019-01-15,695,553
2019-01-14,699,536
2019-01-13,28,27
2019-01-12,496,395
2019-01-11,607,484
2019-01-10,609,466
2019-01-09,600,483
2019-01-08,599,487
2019-01-07,823,627
2019-01-06,7,7
2019-01-05,559,419
2019-01-04,599,479
2019-01-03,488,398
2019-01-02,453,349
2019-01-01,175,150
2018-12-31,613,461
2018-12-30,25,23
2018-12-29,394,310
2018-12-28,454,360
2018-12-27,388,322
2018-12-26,158,129
2018-12-25,189,171
2018-12-24,397,293
2018-12-23,14,12
2018-12-22,415,333
2018-12-21,540,418
2018-12-20,477,386
2018-12-19,526,427
2018-12-18,515,429
2018-12-17,552,427
2018-12-16,8,8
2018-12-15,383,313
2018-12-14,460,380
2018-12-13,521,426
2018-12-12,529,432
2018-12-11,588,467
2018-12-10,594,472
2018-12-09,15,15
2018-12-08,421,342
2018-12-07,523,413
2018-12-06,578,467
2018-12-05,562,452
2018-12-04,639,497
2018-12-03,595,496
2018-12-02,20,18
2018-12-01,449,364
2018-11-30,570,452
2018-11-29,601,480
2018-11-28,626,504
2018-11-27,671,527
2018-11-26,660,542
2018-11-25,19,18
2018-11-24,470,394
2018-11-23,591,484
2018-11-22,634,518
2018-11-21,632,511
2018-11-20,647,515
2018-11-19,709,558
2018-11-18,22,20
2018-11-17,461,377
2018-11-16,618,473
2018-11-15,616,490
2018-11-14,718,575
2018-11-13,722,553
2018-11-12,676,521
2018-11-11,13,13
2018-11-10,541,419
2018-11-09,669,515
2018-11-08,661,516
2018-11-07,664,500
2018-11-06,741,576
2018-11-05,764,588
2018-11-04,18,17
2018-11-03,513,420
2018-11-02,584,480
2018-11-01,627,481
2018-10-31,657,522
2018-10-30,827,622
2018-10-29,712,548
2018-10-28,17,16
2018-10-27,542,433
2018-10-26,610,494
2018-10-25,719,553
2018-10-24,780,611
2018-10-23,862,636
2018-10-22,724,575
2018-10-21,34,31
2018-10-20,513,403
2018-10-19,770,565
2018-10-18,728,572
2018-10-17,728,570
2018-10-16,651,512
2018-10-15,778,595
2018-10-14,27,25
2018-10-13,560,449
2018-10-12,750,558
2018-10-11,731,583
2018-10-10,782,594
2018-10-09,759,591
2018-10-08,849,637
2018-10-07,29,26
2018-10-06,462,354
2018-10-05,658,508
2018-10-04,621,512
2018-10-03,560,418
2018-10-02,759,598
2018-10-01,830,626
2018-09-30,33,31
2018-09-29,535,414
2018-09-28,733,571
2018-09-27,732,577
2018-09-26,708,553
2018-09-25,757,587
2018-09-24,916,682
2018-09-23,33,29
2018-09-22,555,418
2018-09-21,716,571
2018-09-20,674,529
2018-09-19,721,557
2018-09-18,818,596
2018-09-17,892,665
2018-09-16,26,25
2018-09-15,522,418
2018-09-14,750,586
2018-09-13,722,561
2018-09-12,728,567
2018-09-11,800,612
2018-09-10,863,646
2018-09-09,29,26
2018-09-08,528,411
2018-09-07,777,595
2018-09-06,717,541
2018-09-05,699,559
2018-09-04,765,588
2018-09-03,904,652
2018-09-02,18,18
2018-09-01,519,413
2018-08-31,756,560
2018-08-30,756,591
2018-08-29,789,571
2018-08-28,812,593
2018-08-27,828,617
2018-08-26,27,24
2018-08-25,587,446
2018-08-24,792,569
2018-08-23,777,577
2018-08-22,768,582
2018-08-21,709,540
2018-08-20,765,582
2018-08-19,26,25
2018-08-18,526,383
2018-08-17,710,546
2018-08-16,732,525
2018-08-15,650,489
2018-08-14,693,517
2018-08-13,894,656
2018-08-12,29,27
2018-08-11,494,368
2018-08-10,701,512
2018-08-09,643,489
2018-08-08,731,528
2018-08-07,659,496
2018-08-06,723,558
2018-08-05,28,27
2018-08-04,477,389
2018-08-03,700,500
2018-08-02,664,462
2018-08-01,667,504
2018-07-31,648,475
2018-07-30,749,520
2018-07-29,38,33
2018-07-28,448,368
2018-07-27,649,484
2018-07-26,650,495
2018-07-25,687,487
2018-07-24,708,529
2018-07-23,683,522
2018-07-22,23,19
2018-07-21,517,399
2018-07-20,603,454
2018-07-19,693,526
2018-07-18,678,490
2018-07-17,715,521
2018-07-16,761,568
2018-07-15,19,18
2018-07-14,483,372
2018-07-13,582,457
2018-07-12,733,549
2018-07-11,682,526
2018-07-10,628,468
2018-07-09,763,545
2018-07-08,29,28
2018-07-07,479,373
2018-07-06,634,470
2018-07-05,609,465
2018-07-04,594,459
2018-07-03,640,463
2018-07-02,719,516
2018-07-01,35,33
2018-06-30,545,427
2018-06-29,628,463
2018-06-28,612,493
2018-06-27,629,495
2018-06-26,636,490
2018-06-25,738,561
2018-06-24,45,39
2018-06-23,556,437
2018-06-22,683,514
2018-06-21,625,478
2018-06-20,679,513
2018-06-19,647,497
2018-06-18,710,528
2018-06-17,29,25
2018-06-16,514,412
2018-06-15,561,434
2018-06-14,671,538
2018-06-13,767,558
2018-06-12,755,572
2018-06-11,858,606
2018-06-10,71,62
2018-06-09,562,449
2018-06-08,703,533
2018-06-07,684,528
2018-06-06,704,543
2018-06-05,693,522
2018-06-04,709,542
2018-06-03,70,55
2018-06-02,579,450
2018-06-01,619,476
2018-05-31,679,502
2018-05-30,779,577
2018-05-29,739,552
2018-05-28,723,550
2018-05-27,41,40
2018-05-26,561,437
2018-05-25,727,556
2018-05-24,676,525
2018-05-23,676,524
2018-05-22,680,521
2018-05-21,575,428
2018-05-20,55,47
2018-05-19,580,454
2018-05-18,713,536
2018-05-17,740,575
2018-05-16,701,546
2018-05-15,756,577
2018-05-14,733,545
2018-05-13,80,72
2018-05-12,559,427
2018-05-11,619,482
2018-05-10,566,426
2018-05-09,691,528
2018-05-08,785,576
2018-05-07,698,518
2018-05-06,52,45
2018-05-05,586,445
2018-05-04,636,495
2018-05-03,789,524
2018-05-02,557,447
2018-05-01,531,374
2018-04-30,741,570
2018-04-29,56,45
2018-04-28,567,432
2018-04-27,677,531
2018-04-26,734,557
2018-04-25,720,541
2018-04-24,737,551
2018-04-23,718,539
2018-04-22,59,55
2018-04-21,570,435
2018-04-20,653,509
2018-04-19,730,541
2018-04-18,668,516
2018-04-17,698,503
2018-04-16,689,506
2018-04-15,66,57
2018-04-14,571,444
2018-04-13,680,492
2018-04-12,720,530
2018-04-11,634,460
2018-04-10,701,501
2018-04-09,617,480
2018-04-08,54,52
2018-04-07,541,408
2018-04-06,671,453
2018-04-05,619,475
2018-04-04,593,456
2018-04-03,481,374
2018-04-02,367,301
2018-04-01,52,36
2018-03-31,467,342
2018-03-30,466,365
2018-03-29,803,598
2018-03-28,771,582
2018-03-27,723,538
2018-03-26,820,615
2018-03-25,53,48
2018-03-24,606,453
2018-03-23,726,542
2018-03-22,770,581
2018-03-21,728,548
2018-03-20,836,604
2018-03-19,889,661
2018-03-18,45,42
2018-03-17,646,488
2018-03-16,735,567
2018-03-15,722,549
2018-03-14,680,539
2018-03-13,783,568
2018-03-12,780,581
2018-03-11,54,49
2018-03-10,556,437
2018-03-09,698,541
2018-03-08,660,510
2018-03-07,702,548
2018-03-06,733,530
2018-03-05,777,582
2018-03-04,44,40
2018-03-03,522,409
2018-03-02,616,474
2018-03-01,668,520
2018-02-28,697,544
2018-02-27,642,496
2018-02-26,772,574
2018-02-25,57,51
2018-02-24,589,439
2018-02-23,685,542
2018-02-22,689,552
2018-02-21,724,548
2018-02-20,679,523
2018-02-19,731,532
2018-02-18,59,54
2018-02-17,541,411
2018-02-16,598,480
2018-02-15,660,509
2018-02-14,677,500
2018-02-13,702,530
2018-02-12,733,554
2018-02-11,68,62
2018-02-10,547,443
2018-02-09,656,505
2018-02-08,692,533
2018-02-07,703,529
2018-02-06,675,519
2018-02-05,798,605
2018-02-04,63,58
2018-02-03,627,481
2018-02-02,616,482
2018-02-01,662,540
2018-01-31,694,529
2018-01-30,746,560
2018-01-29,773,614
2018-01-28,89,76
2018-01-27,575,453
2018-01-26,664,501
2018-01-25,669,521
2018-01-24,654,501
2018-01-23,714,559
2018-01-22,777,606
2018-01-21,79,70
2018-01-20,537,413
2018-01-19,638,503
2018-01-18,712,555
2018-01-17,785,590
2018-01-16,698,545
2018-01-15,867,627
2018-01-14,75,68
2018-01-13,594,438
2018-01-12,640,510
2018-01-11,712,545
2018-01-10,662,519
2018-01-09,720,538
2018-01-08,723,547
2018-01-07,81,74
2018-01-06,583,430
2018-01-05,645,512
2018-01-04,652,489
2018-01-03,708,521
2018-01-02,568,400
2018-01-01,371,286
2017-12-31,54,48
2017-12-30,559,420
2017-12-29,575,432
2017-12-28,583,444
2017-12-27,375,291
2017-12-26,184,146
2017-12-25,203,170
2017-12-24,38,36
2017-12-23,286,228
2017-12-22,485,371
2017-12-21,562,433
2017-12-20,604,459
2017-12-19,524,424
2017-12-18,623,481
2017-12-17,42,41
2017-12-16,445,348
2017-12-15,528,408
2017-12-14,607,454
2017-12-13,570,465
2017-12-12,581,442
2017-12-11,638,472
2017-12-10,52,48
2017-12-09,512,402
2017-12-08,529,417
2017-12-07,567,430
2017-12-06,560,451
2017-12-05,679,482
2017-12-04,654,494
2017-12-03,52,48
2017-12-02,491,387
2017-12-01,123,106
2017-11-30,1068,777
2017-11-29,679,511
2017-11-28,731,549
2017-11-27,728,544
2017-11-26,56,50
2017-11-25,606,459
2017-11-24,690,503
2017-11-23,708,525
2017-11-22,726,538
2017-11-21,733,534
2017-11-20,774,599
2017-11-19,89,66
2017-11-18,550,419
2017-11-17,608,480
2017-11-16,705,531
2017-11-15,775,567
2017-11-14,724,551
2017-11-13,849,618
2017-11-12,51,49
2017-11-11,590,458
2017-11-10,664,504
2017-11-09,716,537
2017-11-08,769,572
2017-11-07,695,515
2017-11-06,846,596
2017-11-05,71,58
2017-11-04,567,435
2017-11-03,616,473
2017-11-02,594,454
2017-11-01,560,400
2017-10-31,604,441
2017-10-30,746,544
2017-10-29,70,60
2017-10-28,633,461
2017-10-27,710,543
2017-10-26,651,512
2017-10-25,734,553
2017-10-24,783,550
2017-10-23,819,601
2017-10-22,78,64
2017-10-21,634,460
2017-10-20,671,520
2017-10-19,733,562
2017-10-18,729,547
2017-10-17,773,569
2017-10-16,723,552
2017-10-15,72,52
2017-10-14,604,456
2017-10-13,709,552
2017-10-12,746,572
2017-10-11,665,515
2017-10-10,788,583
2017-10-09,717,548
2017-10-08,57,50
2017-10-07,615,459
2017-10-06,662,528
2017-10-05,760,565
2017-10-04,659,491
2017-10-03,594,442
2017-10-02,731,534
2017-10-01,52,43
2017-09-30,650,469
2017-09-29,714,534
2017-09-28,675,499
2017-09-27,738,563
2017-09-26,757,537
2017-09-25,762,580
2017-09-24,72,63
2017-09-23,562,438
2017-09-22,789,602
2017-09-21,740,553
2017-09-20,776,577
2017-09-19,744,553
2017-09-18,779,569
2017-09-17,64,55
2017-09-16,650,478
2017-09-15,688,538
2017-09-14,817,584
2017-09-13,710,551
2017-09-12,764,581
2017-09-11,840,613
2017-09-10,48,40
2017-09-09,602,463
2017-09-08,697,508
2017-09-07,734,537
2017-09-06,810,563
2017-09-05,762,550
2017-09-04,761,562
2017-09-03,84,59
2017-09-02,674,489
2017-09-01,707,523
2017-08-31,711,540
2017-08-30,702,535
2017-08-29,733,539
2017-08-28,789,581
2017-08-27,66,56
2017-08-26,590,425
2017-08-25,772,541
2017-08-24,787,583
2017-08-23,760,559
2017-08-22,734,563
2017-08-21,804,597
2017-08-20,70,61
2017-08-19,594,427
2017-08-18,803,564
2017-08-17,816,563
2017-08-16,631,478
2017-08-15,640,461
2017-08-14,797,580
2017-08-13,39,37
2017-08-12,586,419
2017-08-11,742,515
2017-08-10,706,530
2017-08-09,727,541
2017-08-08,706,537
2017-08-07,772,586
2017-08-06,36,34
2017-08-05,548,400
2017-08-04,643,467
2017-08-03,683,499
2017-08-02,675,528
2017-08-01,702,514
2017-07-31,712,533
2017-07-30,18,16
2017-07-29,745,511
2017-07-28,703,513
2017-07-27,782,566
2017-07-26,545,407
2017-07-25,664,496
2017-07-24,661,483
2017-07-23,23,22
2017-07-22,590,424
2017-07-21,677,504
2017-07-20,706,538
2017-07-19,609,449
2017-07-18,699,532
2017-07-17,731,511
2017-07-16,15,13
2017-07-15,575,409
2017-07-14,611,477
2017-07-13,707,508
2017-07-12,705,520
2017-07-11,701,511
2017-07-10,702,510
2017-07-09,17,15
2017-07-08,553,384
2017-07-07,625,476
2017-07-06,608,452
2017-07-05,581,439
2017-07-04,647,462
2017-07-03,754,530
2017-07-02,10,10
2017-07-01,618,434
2017-06-30,658,478
2017-06-29,678,495
2017-06-28,616,476
2017-06-27,626,469
2017-06-26,774,562
2017-06-25,14,13
2017-06-24,544,388
2017-06-23,633,488
2017-06-22,610,461
2017-06-21,616,466
2017-06-20,606,462
2017-06-19,670,500
2017-06-18,14,14
2017-06-17,549,411
2017-06-16,710,516
2017-06-15,304,256
2017-06-14,656,477
2017-06-13,653,491
2017-06-12,705,498
2017-06-11,21,19
2017-06-10,523,386
2017-06-09,603,459
2017-06-08,676,489
2017-06-07,659,490
2017-06-06,714,521
2017-06-05,47,43
2017-06-04,17,14
2017-06-03,510,388
2017-06-02,600,455
2017-06-01,582,423
2017-05-31,582,442
2017-05-30,699,497
2017-05-29,630,481
2017-05-28,12,8
2017-05-27,610,434
2017-05-26,744,496
2017-05-25,44,39
2017-05-24,642,470
2017-05-23,656,494
2017-05-22,684,514
2017-05-21,19,17
2017-05-20,527,380
2017-05-19,679,511
2017-05-18,567,429
2017-05-17,655,480
2017-05-16,640,480
2017-05-15,659,498
2017-05-14,11,11
2017-05-13,559,408
2017-05-12,536,427
2017-05-11,598,462
2017-05-10,627,458
2017-05-09,657,481
2017-05-08,706,497
2017-05-07,31,10
2017-05-06,568,406
2017-05-05,621,473
2017-05-04,674,492
2017-05-03,650,446
2017-05-02,690,519
2017-05-01,26,22
2017-04-30,4,4
2017-04-29,560,427
2017-04-28,580,452
2017-04-27,629,475
2017-04-26,619,469
2017-04-25,589,432
2017-04-24,610,469
2017-04-23,10,10
2017-04-22,566,394
2017-04-21,640,471
2017-04-20,616,451
2017-04-19,668,496
2017-04-18,937,636
2017-04-17,57,49
2017-04-16,11,8
2017-04-15,126,110
2017-04-14,102,93
2017-04-13,693,502
2017-04-12,625,476
2017-04-11,626,479
2017-04-10,590,452
2017-04-09,12,11
2017-04-08,519,370
2017-04-07,619,469
2017-04-06,649,482
2017-04-05,633,468
2017-04-04,670,517
2017-04-03,698,494
2017-04-02,30,23
2017-04-01,566,406
2017-03-31,666,498
2017-03-30,649,480
2017-03-29,609,463
2017-03-28,672,501
2017-03-27,626,470
2017-03-26,14,13
2017-03-25,519,374
2017-03-24,632,454
2017-03-23,590,459
2017-03-22,592,453
2017-03-21,666,487
2017-03-20,626,468
2017-03-19,27,21
2017-03-18,657,444
2017-03-17,575,434
2017-03-16,619,470
2017-03-15,645,480
2017-03-14,593,448
2017-03-13,626,464
2017-03-12,14,14
2017-03-11,524,392
2017-03-10,634,454
2017-03-09,616,475
2017-03-08,608,469
2017-03-07,637,470
2017-03-06,754,537
2017-03-05,6,5
2017-03-04,444,328
2017-03-03,603,462
2017-03-02,697,491
2017-03-01,608,462
2017-02-28,587,422
2017-02-27,581,449
2017-02-26,7,7
2017-02-25,564,390
2017-02-24,587,424
2017-02-23,617,475
2017-02-22,612,459
2017-02-21,635,470
2017-02-20,599,452
2017-02-19,26,17
2017-02-18,544,394
2017-02-17,565,424
2017-02-16,592,453
2017-02-15,531,401
2017-02-14,600,461
2017-02-13,605,468
2017-02-12,13,13
2017-02-11,573,412
2017-02-10,565,441
2017-02-09,598,452
2017-02-08,588,435
2017-02-07,621,457
2017-02-06,654,458
2017-02-05,11,11
2017-02-04,519,380
2017-02-03,583,445
2017-02-02,570,436
2017-02-01,579,422
2017-01-31,605,443
2017-01-30,702,515
2017-01-29,13,13
2017-01-28,500,366
2017-01-27,588,445
2017-01-26,576,412
2017-01-25,559,435
2017-01-24,638,482
2017-01-23,608,440
2017-01-22,12,11
2017-01-21,485,356
2017-01-20,510,396
2017-01-19,582,462
2017-01-18,502,400
2017-01-17,513,390
2017-01-16,644,490
2017-01-15,13,13
2017-01-14,484,341
2017-01-13,515,411
2017-01-12,526,404
2017-01-11,657,457
2017-01-10,580,430
2017-01-09,1021,662
2017-01-08,13,11
2017-01-07,55,45
2017-01-06,112,92
2017-01-05,518,400
2017-01-04,572,427
2017-01-03,559,406
2017-01-02,693,450
2017-01-01,3,3
2016-12-31,11,10
2016-12-30,580,411
2016-12-29,522,379
2016-12-28,457,344
2016-12-27,507,359
2016-12-26,8,8
2016-12-25,3,3
2016-12-24,4,4
2016-12-23,459,325
2016-12-22,552,396
2016-12-21,473,334
2016-12-20,442,326
2016-12-19,520,371
2016-12-18,11,10
2016-12-17,406,291
2016-12-16,424,314
2016-12-15,451,339
2016-12-14,401,309
2016-12-13,541,421
2016-12-12,482,346
2016-12-11,12,11
2016-12-10,391,287
2016-12-09,407,307
2016-12-08,463,341
2016-12-07,405,306
2016-12-06,474,356
2016-12-05,532,389
2016-12-04,15,13
2016-12-03,447,321
2016-12-02,462,352
2016-12-01,519,406
2016-11-30,573,433
2016-11-29,538,391
2016-11-28,567,441
2016-11-27,12,11
2016-11-26,468,343
2016-11-25,510,387
2016-11-24,524,402
2016-11-23,531,402
2016-11-22,589,430
2016-11-21,606,431
2016-11-20,13,10
2016-11-19,487,335
2016-11-18,512,399
2016-11-17,546,400
2016-11-16,538,390
2016-11-15,557,404
2016-11-14,609,437
2016-11-13,9,9
2016-11-12,486,349
2016-11-11,544,410
2016-11-10,526,392
2016-11-09,570,425
2016-11-08,599,442
2016-11-07,648,459
2016-11-06,15,12
2016-11-05,500,362
2016-11-04,617,436
2016-11-03,602,432
2016-11-02,828,553
2016-11-01,77,65
2016-10-31,640,421
2016-10-30,10,10
2016-10-29,470,339
2016-10-28,574,416
2016-10-27,543,408
2016-10-26,590,437
2016-10-25,588,436
2016-10-24,759,542
2016-10-23,11,10
2016-10-22,484,355
2016-10-21,552,422
2016-10-20,602,448
2016-10-19,568,419
2016-10-18,609,431
2016-10-17,639,464
2016-10-16,10,10
2016-10-15,469,353
2016-10-14,526,405
2016-10-13,575,422
2016-10-12,519,390
2016-10-11,653,487
2016-10-10,632,455
2016-10-09,7,7
2016-10-08,458,329
2016-10-07,624,452
2016-10-06,569,430
2016-10-05,625,444
2016-10-04,736,513
2016-10-03,40,36
2016-10-02,7,7
2016-10-01,432,306
2016-09-30,569,418
2016-09-29,590,400
2016-09-28,558,417
2016-09-27,593,440
2016-09-26,584,431
2016-09-25,0,0
2016-09-24,457,320
2016-09-23,599,422
2016-09-22,548,409
2016-09-21,571,406
2016-09-20,574,433
2016-09-19,593,438
2016-09-18,13,11
2016-09-17,435,303
2016-09-16,482,356
2016-09-15,543,404
2016-09-14,551,404
2016-09-13,607,440
2016-09-12,587,416
2016-09-11,15,11
2016-09-10,463,326
2016-09-09,577,413
2016-09-08,506,371
2016-09-07,568,419
2016-09-06,563,411
2016-09-05,539,391
2016-09-04,11,10
2016-09-03,428,299
2016-09-02,535,370
2016-09-01,598,417
2016-08-31,544,398
2016-08-30,555,388
2016-08-29,570,407
2016-08-28,12,8
2016-08-27,432,308
2016-08-26,548,389
2016-08-25,543,379
2016-08-24,561,387
2016-08-23,597,411
2016-08-22,613,432
2016-08-21,11,8
2016-08-20,423,295
2016-08-19,543,383
2016-08-18,547,388
2016-08-17,525,380
2016-08-16,559,381
2016-08-15,544,373
2016-08-14,10,10
2016-08-13,396,304
2016-08-12,558,384
2016-08-11,595,395
2016-08-10,571,410
2016-08-09,538,367
2016-08-08,552,376
2016-08-07,7,7
2016-08-06,423,294
2016-08-05,588,432
2016-08-04,560,375
2016-08-03,482,338
2016-08-02,419,301
2016-08-01,443,307
2016-07-31,9,8
2016-07-30,315,226
2016-07-29,490,332
2016-07-28,504,355
2016-07-27,534,367
2016-07-26,526,362
2016-07-25,505,373
2016-07-24,3,3
2016-07-23,259,197
2016-07-22,507,358
2016-07-21,505,345
2016-07-20,469,337
2016-07-19,549,385
2016-07-18,543,370
2016-07-17,3,3
2016-07-16,283,212
2016-07-15,520,350
2016-07-14,552,391
2016-07-13,470,325
2016-07-12,514,361
2016-07-11,525,353
2016-07-10,0,0
2016-07-09,279,200
2016-07-08,528,351
2016-07-07,487,326
2016-07-06,533,365
2016-07-05,449,330
2016-07-04,505,356
2016-07-03,0,0
2016-07-02,326,219
2016-07-01,428,305
2016-06-30,479,342
2016-06-29,488,346
2016-06-28,480,321
2016-06-27,484,337
2016-06-26,0,0
2016-06-25,264,188
2016-06-24,501,349
2016-06-23,463,345
2016-06-22,492,349
2016-06-21,507,355
2016-06-20,538,374
2016-06-19,0,0
2016-06-18,336,231
2016-06-17,534,366
2016-06-16,535,373
2016-06-15,508,346
2016-06-14,512,335
2016-06-13,609,420
2016-06-12,0,0
2016-06-11,314,228
2016-06-10,509,354
2016-06-09,490,342
2016-06-08,500,330
2016-06-07,505,347
2016-06-06,508,356
2016-06-05,0,0
2016-06-04,311,231
2016-06-03,505,354
2016-06-02,503,340
2016-06-01,535,374
2016-05-31,570,383
2016-05-30,568,375
2016-05-29,0,0
2016-05-28,342,219
2016-05-27,450,312
2016-05-26,397,279
2016-05-25,505,333
2016-05-24,474,350
2016-05-23,480,328
2016-05-22,0,0
2016-05-21,331,223
2016-05-20,491,352
2016-05-19,526,371
2016-05-18,521,350
2016-05-17,539,375
2016-05-16,146,98
2016-05-15,2,1
2016-05-14,272,206
2016-05-13,501,342
2016-05-12,522,368
2016-05-11,467,350
2016-05-10,483,348
2016-05-09,502,350
2016-05-08,0,0
2016-05-07,341,233
2016-05-06,482,326
2016-05-05,97,72
2016-05-04,476,338
2016-05-03,391,293
2016-05-02,503,343
2016-05-01,0,0
2016-04-30,316,219
2016-04-29,513,359
2016-04-28,526,381
2016-04-27,495,345
2016-04-26,550,375
2016-04-25,565,376
2016-04-24,0,0
2016-04-23,304,208
2016-04-22,484,346
2016-04-21,506,355
2016-04-20,506,358
2016-04-19,498,353
2016-04-18,577,362
2016-04-17,0,0
2016-04-16,332,242
2016-04-15,527,370
2016-04-14,528,373
2016-04-13,539,375
2016-04-12,489,357
2016-04-11,546,366
2016-04-10,0,0
2016-04-09,332,244
2016-04-08,544,357
2016-04-07,484,341
2016-04-06,542,352
2016-04-05,420,306
2016-04-04,520,344
2016-04-03,0,0
2016-04-02,311,211
2016-04-01,503,335
2016-03-31,512,349
2016-03-30,538,368
2016-03-29,364,272
2016-03-28,18,16
2016-03-27,0,0
2016-03-26,29,25
2016-03-25,113,82
2016-03-24,495,333
2016-03-23,539,367
2016-03-22,524,349
2016-03-21,521,365
2016-03-20,0,0
2016-03-19,320,193
2016-03-18,492,333
2016-03-17,482,336
2016-03-16,446,322
2016-03-15,445,308
2016-03-14,527,346
2016-03-13,0,0
2016-03-12,306,224
2016-03-11,540,360
2016-03-10,423,306
2016-03-09,499,350
2016-03-08,508,335
2016-03-07,525,359
2016-03-06,0,0
2016-03-05,272,200
2016-03-04,501,342
2016-03-03,473,338
2016-03-02,493,356
2016-03-01,527,348
2016-02-29,618,426
2016-02-28,0,0
2016-02-27,336,244
2016-02-26,487,349
2016-02-25,528,356
2016-02-24,560,389
2016-02-23,478,334
2016-02-22,534,358
2016-02-21,0,0
2016-02-20,299,222
2016-02-19,484,342
2016-02-18,494,350
2016-02-17,527,335
2016-02-16,463,326
2016-02-15,553,340
2016-02-14,0,0
2016-02-13,328,242
2016-02-12,490,340
2016-02-11,530,357
2016-02-10,462,341
2016-02-09,466,300
2016-02-08,511,338
2016-02-07,0,0
2016-02-06,300,222
2016-02-05,485,322
2016-02-04,455,298
2016-02-03,433,299
2016-02-02,429,295
2016-02-01,494,327
2016-01-31,0,0
2016-01-30,323,230
2016-01-29,457,312
2016-01-28,448,316
2016-01-27,435,318
2016-01-26,399,283
2016-01-25,494,327
2016-01-24,0,0
2016-01-23,239,184
2016-01-22,396,263
2016-01-21,394,275
2016-01-20,376,273
2016-01-19,352,263
2016-01-18,479,317
2016-01-17,0,0
2016-01-16,263,195
2016-01-15,450,290
2016-01-14,460,323
2016-01-13,513,338
2016-01-12,438,313
2016-01-11,537,350
2016-01-10,0,0
2016-01-09,259,176
2016-01-08,395,274
2016-01-07,382,262
2016-01-06,375,249
2016-01-05,357,263
2016-01-04,411,267
2016-01-03,0,0
2016-01-02,283,204
2016-01-01,0,0
2015-12-31,0,0
2015-12-30,371,239
2015-12-29,361,245
2015-12-28,446,278
2015-12-27,0,0
2015-12-26,0,0
2015-12-25,0,0
2015-12-24,0,0
2015-12-23,286,189
2015-12-22,329,232
2015-12-21,380,269
2015-12-20,0,0
2015-12-19,180,137
2015-12-18,357,249
2015-12-17,363,251
2015-12-16,326,245
2015-12-15,332,245
2015-12-14,399,284
2015-12-13,0,0
2015-12-12,197,150
2015-12-11,380,246
2015-12-10,330,224
2015-12-09,344,232
2015-12-08,358,234
2015-12-07,485,291
2015-12-06,0,0
2015-12-05,185,144
2015-12-04,344,229
2015-12-03,392,244
2015-12-02,368,261
2015-12-01,1955,858
2015-11-30,121,88
2015-11-29,0,0
2015-11-28,94,73
2015-11-27,198,149
2015-11-26,267,201
2015-11-25,298,231
2015-11-24,300,212
2015-11-23,355,247
2015-11-22,0,0
2015-11-21,220,159
2015-11-20,351,265
2015-11-19,341,232
2015-11-18,383,259
2015-11-17,428,267
2015-11-16,436,307
2015-11-15,0,0
2015-11-14,208,157
2015-11-13,408,296
2015-11-12,441,318
2015-11-11,336,261
2015-11-10,393,268
2015-11-09,483,324
2015-11-08,0,0
2015-11-07,235,169
2015-11-06,367,262
2015-11-05,393,287
2015-11-04,381,256
2015-11-03,385,264
2015-11-02,412,282
2015-11-01,1690,816
2015-10-31,0,0
2015-10-30,1,1
2015-10-29,0,0
2015-10-28,0,0
2015-10-27,264,190
2015-10-26,467,297
2015-10-25,0,0
2015-10-24,213,164
2015-10-23,387,268
2015-10-22,348,243
2015-10-21,428,299
2015-10-20,317,229
2015-10-19,478,292
2015-10-18,0,0
2015-10-17,251,184
2015-10-16,397,260
2015-10-15,405,277
2015-10-14,385,264
2015-10-13,418,274
2015-10-12,458,312
2015-10-11,0,0
2015-10-10,253,173
2015-10-09,400,253
2015-10-08,415,273
2015-10-07,441,314
2015-10-06,399,255
2015-10-05,479,280
2015-10-04,0,0
2015-10-03,49,38
2015-10-02,462,284
2015-10-01,1509,729
2015-09-30,0,0
2015-09-29,0,0
2015-09-28,176,127
2015-09-27,0,0
2015-09-26,200,151
2015-09-25,369,248
2015-09-24,384,255
2015-09-23,400,264
2015-09-22,392,266
2015-09-21,455,287
2015-09-20,0,0
2015-09-19,252,180
2015-09-18,350,250
2015-09-17,446,302
2015-09-16,405,230
2015-09-15,373,255
2015-09-14,448,298
2015-09-13,0,0
2015-09-12,231,159
2015-09-11,384,258
2015-09-10,394,259
2015-09-09,407,263
2015-09-08,350,253
2015-09-07,448,295
2015-09-06,0,0
2015-09-05,219,156
2015-09-04,348,232
2015-09-03,391,249
2015-09-02,384,282
2015-09-01,395,249
2015-08-31,355,236
2015-08-30,0,0
2015-08-29,218,147
2015-08-28,374,254
2015-08-27,332,233
2015-08-26,368,239
2015-08-25,398,247
2015-08-24,377,236
2015-08-23,0,0
2015-08-22,171,130
2015-08-21,339,236
2015-08-20,362,228
2015-08-19,330,216
2015-08-18,361,234
2015-08-17,390,253
2015-08-16,0,0
2015-08-15,158,125
2015-08-14,301,213
2015-08-13,318,225
2015-08-12,315,216
2015-08-11,330,233
2015-08-10,381,234
2015-08-09,0,0
2015-08-08,166,105
2015-08-07,268,181
2015-08-06,362,233
2015-08-05,282,199
2015-08-04,365,232
2015-08-03,462,269
2015-08-02,0,0
2015-08-01,354,245
2015-07-31,102,71
2015-07-30,334,221
2015-07-29,361,233
2015-07-28,327,213
2015-07-27,398,244
2015-07-26,0,0
2015-07-25,140,111
2015-07-24,289,217
2015-07-23,320,217
2015-07-22,306,203
2015-07-21,344,233
2015-07-20,320,206
2015-07-19,0,0
2015-07-18,157,116
2015-07-17,292,193
2015-07-16,278,185
2015-07-15,311,202
2015-07-14,318,204
2015-07-13,368,235
2015-07-12,0,0
2015-07-11,130,97
2015-07-10,289,184
2015-07-09,283,185
2015-07-08,275,193
2015-07-07,270,186
2015-07-06,301,204
2015-07-05,0,0
2015-07-04,128,93
2015-07-03,252,163
2015-07-02,251,180
2015-07-01,524,311
2015-06-30,100,71
2015-06-29,355,216
2015-06-28,0,0
2015-06-27,158,116
2015-06-26,259,186
2015-06-25,254,183
2015-06-24,262,178
2015-06-23,317,211
2015-06-22,383,246
2015-06-21,0,0
2015-06-20,151,113
2015-06-19,286,200
2015-06-18,283,195
2015-06-17,265,193
2015-06-16,289,202
2015-06-15,312,190
2015-06-14,0,0
2015-06-13,149,105
2015-06-12,257,176
2015-06-11,259,180
2015-06-10,272,176
2015-06-09,295,190
2015-06-08,265,168
2015-06-07,0,0
2015-06-06,215,146
2015-06-05,215,145
2015-06-04,202,150
2015-06-03,256,178
2015-06-02,305,186
2015-06-01,349,224
2015-05-31,0,0
2015-05-30,186,131
2015-05-29,293,177
2015-05-28,315,202
2015-05-27,350,211
2015-05-26,356,216
2015-05-25,0,0
2015-05-24,0,0
2015-05-23,148,107
2015-05-22,297,191
2015-05-21,271,179
2015-05-20,279,197
2015-05-19,287,201
2015-05-18,302,195
2015-05-17,0,0
2015-05-16,169,113
2015-05-15,352,196
2015-05-14,0,0
2015-05-13,332,190
2015-05-12,354,200
2015-05-11,286,181
2015-05-10,0,0
2015-05-09,168,127
2015-05-08,264,182
2015-05-07,248,161
2015-05-06,250,170
2015-05-05,282,173
2015-05-04,278,186
2015-05-03,0,0
2015-05-02,152,104
2015-05-01,0,0
2015-04-30,282,179
2015-04-29,269,176
2015-04-28,277,179
2015-04-27,292,185
2015-04-26,0,0
2015-04-25,156,104
2015-04-24,246,165
2015-04-23,239,156
2015-04-22,271,178
2015-04-21,321,206
2015-04-20,257,170
2015-04-19,0,0
2015-04-18,143,105
2015-04-17,253,169
2015-04-16,218,157
2015-04-15,239,160
2015-04-14,232,167
2015-04-13,268,169
2015-04-12,0,0
2015-04-11,143,106
2015-04-10,284,182
2015-04-09,232,171
2015-04-08,255,166
2015-04-07,250,168
2015-04-06,0,0
2015-04-05,0,0
2015-04-04,134,98
2015-04-03,0,0
2015-04-02,243,180
2015-04-01,590,308
2015-03-31,2,2
2015-03-30,252,167
2015-03-29,0,0
2015-03-28,138,100
2015-03-27,267,179
2015-03-26,242,153
2015-03-25,274,180
2015-03-24,260,164
2015-03-23,292,192
2015-03-22,0,0
2015-03-21,136,101
2015-03-20,216,155
2015-03-19,260,170
2015-03-18,263,172
2015-03-17,240,162
2015-03-16,260,179
2015-03-15,0,0
2015-03-14,140,93
2015-03-13,222,147
2015-03-12,228,157
2015-03-11,209,155
2015-03-10,237,157
2015-03-09,244,175
2015-03-08,0,0
2015-03-07,126,86
2015-03-06,241,155
2015-03-05,204,140
2015-03-04,218,144
2015-03-03,249,151
2015-03-02,253,158
2015-03-01,0,0
2015-02-28,155,100
2015-02-27,207,145
2015-02-26,202,132
2015-02-25,202,151
2015-02-24,195,150
2015-02-23,234,158
2015-02-22,0,0
2015-02-21,134,94
2015-02-20,196,132
2015-02-19,192,135
2015-02-18,209,139
2015-02-17,208,138
2015-02-16,213,134
2015-02-15,0,0
2015-02-14,133,90
2015-02-13,168,123
2015-02-12,221,150
2015-02-11,155,106
2015-02-10,176,127
2015-02-09,230,159
2015-02-08,0,0
2015-02-07,92,70
2015-02-06,170,127
2015-02-05,155,115
2015-02-04,159,121
2015-02-03,171,112
2015-02-02,248,155
2015-02-01,0,0
2015-01-31,106,74
2015-01-30,160,126
2015-01-29,161,113
2015-01-28,186,121
2015-01-27,184,127
2015-01-26,305,174
2015-01-25,0,0
2015-01-24,0,0
2015-01-23,171,126
2015-01-22,200,134
2015-01-21,201,140
2015-01-20,239,169
2015-01-19,194,117
2015-01-18,0,0
2015-01-17,0,0
2015-01-16,167,124
2015-01-15,127,93
2015-01-14,173,115
2015-01-13,228,140
2015-01-12,193,137
2015-01-11,0,0
2015-01-10,0,0
2015-01-09,170,106
2015-01-08,139,101
2015-01-07,174,107
2015-01-06,155,106
2015-01-05,242,147
2015-01-04,0,0
2015-01-03,0,0
2015-01-02,194,108
2015-01-01,0,0
2014-12-31,0,0
2014-12-30,214,125
2014-12-29,173,100
2014-12-28,0,0
2014-12-27,0,0
2014-12-26,0,0
2014-12-25,0,0
2014-12-24,0,0
2014-12-23,209,123
2014-12-22,159,98
2014-12-21,0,0
2014-12-20,0,0
2014-12-19,144,90
2014-12-18,154,94
2014-12-17,189,118
2014-12-16,206,127
2014-12-15,155,105
2014-12-14,0,0
2014-12-13,0,0
2014-12-12,159,108
2014-12-11,123,82
2014-12-10,146,102
2014-12-09,219,126
2014-12-08,159,100
2014-12-07,0,0
2014-12-06,11,9
2014-12-05,165,115
2014-12-04,133,80
2014-12-03,152,106
2014-12-02,128,100
2014-12-01,23,20
2014-11-30,0,0
2014-11-29,193,127
2014-11-28,231,138
2014-11-27,171,109
2014-11-26,144,95
2014-11-25,220,136
2014-11-24,206,133
2014-11-23,0,0
2014-11-22,0,0
2014-11-21,154,105
2014-11-20,142,98
2014-11-19,132,96
2014-11-18,193,134
2014-11-17,190,125
2014-11-16,0,0
2014-11-15,0,0
2014-11-14,147,100
2014-11-13,179,121
2014-11-12,159,108
2014-11-11,156,100
2014-11-10,154,101
2014-11-09,0,0
2014-11-08,0,0
2014-11-07,142,99
2014-11-06,138,95
2014-11-05,153,99
2014-11-04,181,125
2014-11-03,496,252
2014-11-02,0,0
2014-11-01,0,0
2014-10-31,0,0
2014-10-30,3,3
2014-10-29,130,95
2014-10-28,204,127
2014-10-27,203,130
2014-10-26,0,0
2014-10-25,0,0
2014-10-24,135,93
2014-10-23,163,107
2014-10-22,158,102
2014-10-21,201,120
2014-10-20,195,110
2014-10-19,0,0
2014-10-18,0,0
2014-10-17,145,91
2014-10-16,137,100
2014-10-15,141,102
2014-10-14,206,127
2014-10-13,166,106
2014-10-12,0,0
2014-10-11,0,0
2014-10-10,146,103
2014-10-09,127,95
2014-10-08,133,96
2014-10-07,190,108
2014-10-06,181,110
2014-10-05,0,0
2014-10-04,0,0
2014-10-03,0,0
2014-10-02,145,98
2014-10-01,429,236
2014-09-30,0,0
2014-09-29,38,26
2014-09-28,0,0
2014-09-27,0,0
2014-09-26,137,92
2014-09-25,132,92
2014-09-24,133,98
2014-09-23,194,117
2014-09-22,168,116
2014-09-21,0,0
2014-09-20,0,0
2014-09-19,134,91
2014-09-18,122,92
2014-09-17,136,92
2014-09-16,177,119
2014-09-15,153,102
2014-09-14,0,0
2014-09-13,0,0
2014-09-12,133,86
2014-09-11,149,88
2014-09-10,152,91
2014-09-09,152,105
2014-09-08,179,107
2014-09-07,0,0
2014-09-06,0,0
2014-09-05,135,96
2014-09-04,124,78
2014-09-03,121,89
2014-09-02,200,100
2014-09-01,214,141
2014-08-31,0,0
2014-08-30,0,0
2014-08-29,33,23
2014-08-28,135,88
2014-08-27,131,90
2014-08-26,140,96
2014-08-25,168,98
2014-08-24,0,0
2014-08-23,0,0
2014-08-22,140,91
2014-08-21,124,76
2014-08-20,133,83
2014-08-19,151,96
2014-08-18,118,86
2014-08-17,0,0
2014-08-16,0,0
2014-08-15,109,69
2014-08-14,116,77
2014-08-13,129,80
2014-08-12,138,88
2014-08-11,110,73
2014-08-10,0,0
2014-08-09,0,0
2014-08-08,99,74
2014-08-07,104,70
2014-08-06,141,85
2014-08-05,113,67
2014-08-04,118,74
2014-08-03,0,0
2014-08-02,0,0
2014-08-01,399,187
2014-07-31,0,0
2014-07-30,0,0
2014-07-29,71,49
2014-07-28,97,66
2014-07-27,0,0
2014-07-26,0,0
2014-07-25,90,65
2014-07-24,124,74
2014-07-23,110,71
2014-07-22,144,91
2014-07-21,104,73
2014-07-20,0,0
2014-07-19,0,0
2014-07-18,97,66
2014-07-17,85,60
2014-07-16,97,69
2014-07-15,122,90
2014-07-14,108,60
2014-07-13,0,0
2014-07-12,0,0
2014-07-11,104,70
2014-07-10,70,49
2014-07-09,77,51
2014-07-08,131,92
2014-07-07,64,48
2014-07-06,0,0
2014-07-05,19,14
2014-07-04,89,64
2014-07-03,102,68
2014-07-02,104,75
2014-07-01,227,117
2014-06-30,3,3
2014-06-29,0,0
2014-06-28,0,0
2014-06-27,94,61
2014-06-26,74,56
2014-06-25,85,58
2014-06-24,114,75
2014-06-23,109,61
2014-06-22,0,0
2014-06-21,0,0
2014-06-20,106,77
2014-06-19,66,49
2014-06-18,98,70
2014-06-17,130,82
2014-06-16,81,52
2014-06-15,0,0
2014-06-14,0,0
2014-06-13,89,51
2014-06-12,74,50
2014-06-11,102,55
2014-06-10,114,76
2014-06-09,0,0
2014-06-08,0,0
2014-06-07,0,0
2014-06-06,79,61
2014-06-05,65,46
2014-06-04,70,53
2014-06-03,149,86
2014-06-02,241,140
2014-06-01,0,0
2014-05-31,0,0
2014-05-30,0,0
2014-05-29,0,0
2014-05-28,3,3
2014-05-27,141,84
2014-05-26,88,58
2014-05-25,0,0
2014-05-24,0,0
2014-05-23,85,61
2014-05-22,69,49
2014-05-21,86,62
2014-05-20,139,85
2014-05-19,71,61
2014-05-18,0,0
2014-05-17,0,0
2014-05-16,78,67
2014-05-15,87,52
2014-05-14,85,63
2014-05-13,109,74
2014-05-12,70,49
2014-05-11,0,0
2014-05-10,0,0
2014-05-09,62,49
2014-05-08,74,59
2014-05-07,66,52
2014-05-06,117,79
2014-05-05,81,55
2014-05-04,0,0
2014-05-03,0,0
2014-05-02,283,126
2014-05-01,2,2
2014-04-30,0,0
2014-04-29,21,12
2014-04-28,68,43
2014-04-27,0,0
2014-04-26,0,0
2014-04-25,64,37
2014-04-24,52,35
2014-04-23,75,48
2014-04-22,75,51
2014-04-21,0,0
2014-04-20,0,0
2014-04-19,0,0
2014-04-18,0,0
2014-04-17,67,43
2014-04-16,133,51
2014-04-15,119,66
2014-04-14,51,35
2014-04-13,0,0
2014-04-12,0,0
2014-04-11,56,35
2014-04-10,54,36
2014-04-09,116,49
2014-04-08,103,57
2014-04-07,76,36
2014-04-06,0,0
2014-04-05,0,0
2014-04-04,57,35
2014-04-03,44,33
2014-04-02,69,46
2014-04-01,137,72
2014-03-31,3,3
2014-03-30,0,0
2014-03-29,0,0
2014-03-28,45,30
2014-03-27,50,34
2014-03-26,57,41
2014-03-25,96,55
2014-03-24,61,39
2014-03-23,0,0
2014-03-22,0,0
2014-03-21,40,27
2014-03-20,62,36
2014-03-19,40,34
2014-03-18,91,48
2014-03-17,151,40
2014-03-16,0,0
2014-03-15,0,0
2014-03-14,56,38
2014-03-13,53,36
2014-03-12,55,31
2014-03-11,87,49
2014-03-10,47,32
2014-03-09,0,0
2014-03-08,0,0
2014-03-07,48,32
2014-03-06,58,35
2014-03-05,38,21
2014-03-04,77,46
2014-03-03,46,32
2014-03-02,0,0
2014-03-01,0,0
2014-02-28,39,24
2014-02-27,57,32
2014-02-26,55,33
2014-02-25,61,31
2014-02-24,59,25
2014-02-23,0,0
2014-02-22,0,0
2014-02-21,43,30
2014-02-20,30,21
2014-02-19,45,23
2014-02-18,60,41
2014-02-17,57,37
2014-02-16,0,0
2014-02-15,0,0
2014-02-14,46,22
2014-02-13,56,19
2014-02-12,53,26
2014-02-11,55,33
2014-02-10,87,28
2014-02-09,0,0
2014-02-08,0,0
2014-02-07,35,21
2014-02-06,39,22
2014-02-05,35,26
2014-02-04,65,37
2014-02-03,49,24
2014-02-02,0,0
2014-02-01,9,4
2014-01-31,31,20
2014-01-30,24,15
2014-01-29,51,26
2014-01-28,61,37
2014-01-27,38,24
2014-01-26,0,0
2014-01-25,0,0
2014-01-24,32,22
2014-01-23,36,24
2014-01-22,73,24
2014-01-21,78,38
2014-01-20,34,19
2014-01-19,0,0
2014-01-18,0,0
2014-01-17,47,20
2014-01-16,43,19
2014-01-15,66,30
2014-01-14,52,33
2014-01-13,44,18
2014-01-12,0,0
2014-01-11,0,0
2014-01-10,47,27
2014-01-09,40,24
2014-01-08,26,18
2014-01-07,44,27
2014-01-06,53,30
2014-01-05,0,0
2014-01-04,0,0
2014-01-03,38,21
2014-01-02,57,24
2014-01-01,0,0
2013-12-31,0,0
2013-12-30,29,20
2013-12-29,0,0
2013-12-28,0,0
2013-12-27,42,25
2013-12-26,0,0
2013-12-25,0,0
2013-12-24,0,0
2013-12-23,20,15
2013-12-22,0,0
2013-12-21,0,0
2013-12-20,19,14
2013-12-19,28,18
2013-12-18,38,20
2013-12-17,50,23
2013-12-16,10,8
2013-12-15,0,0
2013-12-14,0,0
2013-12-13,32,19
2013-12-12,32,27
2013-12-11,36,18
2013-12-10,48,32
2013-12-09,34,21
2013-12-08,0,0
2013-12-07,0,0
2013-12-06,36,22
2013-12-05,31,25
2013-12-04,25,20
2013-12-03,39,27
2013-12-02,10,3
2013-12-01,0,0
2013-11-30,31,19
2013-11-29,31,21
2013-11-28,32,21
2013-11-27,35,25
2013-11-26,77,32
2013-11-25,21,17
2013-11-24,0,0
2013-11-23,0,0
2013-11-22,16,15
2013-11-21,21,16
2013-11-20,21,12
2013-11-19,19,16
2013-11-18,55,27
2013-11-17,0,0
2013-11-16,0,0
2013-11-15,34,21
2013-11-14,35,23
2013-11-13,28,21
2013-11-12,18,12
2013-11-11,64,30
2013-11-10,0,0
2013-11-09,0,0
2013-11-08,28,15
2013-11-07,25,15
2013-11-06,37,19
2013-11-05,23,18
2013-11-04,43,24
2013-11-03,0,0
2013-11-02,0,0
2013-11-01,16,14
2013-10-31,43,18
2013-10-30,39,18
2013-10-29,18,16
2013-10-28,49,20
2013-10-27,0,0
2013-10-26,0,0
2013-10-25,21,13
2013-10-24,36,25
2013-10-23,23,17
2013-10-22,21,13
2013-10-21,50,25
2013-10-20,0,0
2013-10-19,0,0
2013-10-18,20,16
2013-10-17,38,25
2013-10-16,26,17
2013-10-15,34,20
2013-10-14,49,27
2013-10-13,0,0
2013-10-12,0,0
2013-10-11,34,19
2013-10-10,14,9
2013-10-09,34,21
2013-10-08,18,13
2013-10-07,28,11
2013-10-06,0,0
2013-10-05,0,0
2013-10-04,31,12
2013-10-03,0,0
2013-10-02,23,13
2013-10-01,27,15
2013-09-30,45,18
2013-09-29,0,0
2013-09-28,14,8
2013-09-27,25,12
2013-09-26,20,11
2013-09-25,22,11
2013-09-24,27,20
2013-09-23,47,20
2013-09-22,0,0
2013-09-21,0,0
2013-09-20,17,10
2013-09-19,19,12
2013-09-18,38,16
2013-09-17,15,12
2013-09-16,26,17
2013-09-15,0,0
2013-09-14,0,0
2013-09-13,12,9
2013-09-12,14,12
2013-09-11,26,13
2013-09-10,13,11
2013-09-09,34,16
2013-09-08,0,0
2013-09-07,3,1
2013-09-06,42,18
2013-09-05,17,14
2013-09-04,12,6
2013-09-03,25,14
2013-09-02,12,9
2013-09-01,0,0
2013-08-31,13,6
2013-08-30,16,9
2013-08-29,24,14
2013-08-28,20,12
2013-08-27,21,11
2013-08-26,32,11
2013-08-25,0,0
2013-08-24,0,0
2013-08-23,2,2
2013-08-22,29,9
2013-08-21,19,9
2013-08-20,13,11
2013-08-19,28,16
2013-08-18,0,0
2013-08-17,0,0
2013-08-16,10,9
2013-08-15,10,7
2013-08-14,21,12
2013-08-13,14,8
2013-08-12,19,13
2013-08-11,0,0
2013-08-10,0,0
2013-08-09,9,9
2013-08-08,15,10
2013-08-07,5,5
2013-08-06,4,4
2013-08-05,21,10
2013-08-04,0,0
2013-08-03,0,0
2013-08-02,13,10
2013-08-01,6,6
2013-07-31,45,20
2013-07-30,28,15
2013-07-29,15,9
2013-07-28,0,0
2013-07-27,0,0
2013-07-26,22,10
2013-07-25,12,7
2013-07-24,24,13
2013-07-23,16,7
2013-07-22,23,13
2013-07-21,0,0
2013-07-20,0,0
2013-07-19,17,6
2013-07-18,24,14
2013-07-17,2,2
2013-07-16,3,3
2013-07-15,18,3
2013-07-14,0,0
2013-07-13,0,0
2013-07-12,18,6
2013-07-11,1,1
2013-07-10,12,3
2013-07-09,5,4
2013-07-08,6,6
2013-07-07,0,0
2013-07-06,0,0
2013-07-05,11,7
2013-07-04,13,6
2013-07-03,6,5
2013-07-02,5,4
2013-07-01,7,7
2013-06-30,0,0
2013-06-29,13,10
2013-06-28,17,11
2013-06-27,28,13
2013-06-26,17,10
2013-06-25,13,9
2013-06-24,13,9
2013-06-23,0,0
2013-06-22,0,0
2013-06-21,8,7
2013-06-20,9,5
2013-06-19,13,11
2013-06-18,26,6
2013-06-17,13,10
2013-06-16,0,0
2013-06-15,0,0
2013-06-14,13,5
2013-06-13,5,5
2013-06-12,4,3
2013-06-11,10,5
2013-06-10,15,12
2013-06-09,0,0
2013-06-08,0,0
2013-06-07,7,6
2013-06-06,6,4
2013-06-05,3,3
2013-06-04,10,6
2013-06-03,19,13
2013-06-02,0,0
2013-06-01,0,0
2013-05-31,6,2
2013-05-30,8,6
2013-05-29,13,9
2013-05-28,20,10
2013-05-27,16,10
2013-05-26,0,0
2013-05-25,0,0
2013-05-24,9,6
2013-05-23,9,8
2013-05-22,15,9
2013-05-21,20,7
2013-05-20,0,0
2013-05-19,0,0
2013-05-18,2,2
2013-05-17,3,3
2013-05-16,10,8
2013-05-15,5,5
2013-05-14,13,9
2013-05-13,29,13
2013-05-12,0,0
2013-05-11,0,0
2013-05-10,18,9
2013-05-09,0,0
2013-05-08,17,7
2013-05-07,13,6
2013-05-06,1,1
2013-05-05,0,0
2013-05-04,0,0
2013-05-03,6,6
2013-05-02,5,4
2013-05-01,0,0
2013-04-30,4,4
2013-04-29,13,9
2013-04-28,0,0
2013-04-27,0,0
2013-04-26,9,7
2013-04-25,4,3
2013-04-24,12,8
2013-04-23,11,6
2013-04-22,13,8
2013-04-21,0,0
2013-04-20,0,0
2013-04-19,12,7
2013-04-18,6,3
2013-04-17,14,5
2013-04-16,7,4
2013-04-15,25,10
2013-04-14,0,0
2013-04-13,2,2
2013-04-12,6,3
2013-04-11,0,0
2013-04-10,0,0
2013-04-09,0,0
2013-04-08,0,0
2013-04-07,0,0
2013-04-06,0,0
2013-04-05,0,0
2013-04-04,0,0
2013-04-03,0,0
2013-04-02,0,0
2013-04-01,0,0
2013-03-31,0,0
2013-03-30,0,0
2013-03-29,0,0
2013-03-28,0,0
2013-03-27,0,0
2013-03-26,0,0
2013-03-25,0,0
2013-03-24,0,0
2013-03-23,0,0
2013-03-22,0,0
2013-03-21,0,0
2013-03-20,0,0
2013-03-19,0,0
2013-03-18,0,0
2013-03-17,0,0
2013-03-16,0,0
2013-03-15,0,0
2013-03-14,0,0
2013-03-13,0,0
2013-03-12,0,0
2013-03-11,0,0
2013-03-10,0,0
2013-03-09,0,0
2013-03-08,0,0
2013-03-07,0,0
2013-03-06,0,0
2013-03-05,0,0
2013-03-04,0,0
2013-03-03,0,0
2013-03-02,0,0
2013-03-01,0,0
2013-02-28,0,0
2013-02-27,0,0
2013-02-26,0,0
2013-02-25,0,0
2013-02-24,0,0
2013-02-23,0,0
2013-02-22,0,0
2013-02-21,0,0
2013-02-20,0,0
2013-02-19,0,0
2013-02-18,0,0
2013-02-17,0,0
2013-02-16,0,0
2013-02-15,0,0
2013-02-14,0,0
2013-02-13,0,0
2013-02-12,0,0
2013-02-11,0,0
2013-02-10,0,0
2013-02-09,0,0
2013-02-08,0,0
2013-02-07,0,0
2013-02-06,0,0
2013-02-05,0,0
2013-02-04,0,0
2013-02-03,0,0
2013-02-02,0,0
2013-02-01,0,0
2013-01-31,0,0
2013-01-30,0,0
2013-01-29,0,0
2013-01-28,0,0
2013-01-27,0,0
2013-01-26,0,0
2013-01-25,0,0
2013-01-24,0,0
2013-01-23,0,0
2013-01-22,0,0
2013-01-21,0,0
2013-01-20,0,0
2013-01-19,0,0
2013-01-18,0,0
2013-01-17,0,0
2013-01-16,0,0
2013-01-15,0,0
2013-01-14,0,0
2013-01-13,0,0
2013-01-12,0,0
2013-01-11,0,0
2013-01-10,0,0
2013-01-09,0,0
2013-01-08,0,0
2013-01-07,0,0
2013-01-06,0,0
2013-01-05,0,0
2013-01-04,0,0
2013-01-03,0,0
2013-01-02,0,0
2013-01-01,0,0
