dates,cars_sold,cars_online,avg_buyprice,bookmarks,opportunity
2021-01-01,6,1182,11382,400,1121
2021-01-02,14,1160,11351,347,1600
2021-01-03,5,1142,11355,461,1450
2021-01-04,26,1132,11428,422,1993
2021-01-05,26,1134,11499,387,1752
2021-01-06,20,1143,11583,590,1496
2021-01-07,20,1134,11615,362,1766
2021-01-08,26,1124,11608,274,1768
2021-01-09,15,1094,11568,421,1634
2021-01-10,5,1080,11530,518,1467
2021-01-11,28,1100,11526,446,1897
2021-01-12,23,1124,11503,419,1646
2021-01-13,29,1132,11562,268,1743
2021-01-14,22,1146,11681,286,1819
2021-01-15,24,1152,11653,350,1621
2021-01-16,13,1130,11669,393,1548
2021-01-17,6,1118,11689,550,1457
2021-01-18,29,1113,11782,392,1883
2021-01-19,27,1120,11791,459,1779
2021-01-20,26,1132,11789,331,1880
2021-01-21,21,1148,11894,340,1780
2021-01-22,13,1169,11851,393,1798
2021-01-23,17,1143,11820,536,1851
2021-01-24,8,1128,11837,517,1460
2021-01-25,21,1122,11888,491,2079
2021-01-26,14,1100,11797,333,1853
2021-01-27,22,1122,11744,351,1834
2021-01-28,27,1148,11810,395,1826
2021-01-29,39,1141,11816,697,1705
2021-01-30,13,1114,11796,506,1624
2021-01-31,15,1090,11759,503,1492
2021-02-01,31,1088,11728,421,2028
2021-02-02,28,1089,11628,430,1801
2021-02-03,25,1112,11612,431,1766
2021-02-04,28,1114,11662,544,1784
2021-02-05,30,1127,11839,453,1694
2021-02-06,16,1104,11843,587,1712
2021-02-07,6,1085,11823,450,1522
2021-02-08,34,1073,11782,540,1957
2021-02-09,30,1063,11817,426,1778
2021-02-10,21,1079,11797,468,1798
2021-02-11,22,1099,11813,346,1892
2021-02-12,21,1115,11757,360,1711
2021-02-13,23,1085,11808,499,1720
2021-02-14,10,1060,11832,568,1475
2021-02-15,26,1057,11831,489,2090
2021-02-16,17,1065,11819,445,1924
2021-02-17,23,1084,11893,458,1802
2021-02-18,20,1103,11945,398,1847
2021-02-19,42,1116,11956,259,1688
2021-02-20,14,1090,11926,400,1707
2021-02-21,12,1063,11911,458,1368
2021-02-22,30,1084,11942,409,2131
2021-02-23,21,1077,12009,441,1983
2021-02-24,34,1070,11986,431,1812
2021-02-25,27,1119,12093,327,1797
2021-02-26,35,1135,12159,411,1674
2021-02-27,20,1105,12211,579,1629
2021-02-28,17,1076,12209,591,1425
2021-03-01,37,1070,12229,454,1874
2021-03-02,30,1087,12211,327,1554
2021-03-03,32,1089,12318,405,1392
2021-03-04,33,1100,12363,542,1323
2021-03-05,22,1113,12406,356,1417
2021-03-06,23,1081,12429,544,1607
2021-03-07,9,1060,12442,627,1482
2021-03-08,30,1013,12482,455,1960
2021-03-09,28,1048,12552,419,1698
2021-03-10,22,1074,12554,360,1634
2021-03-11,26,1103,12695,358,1697
2021-03-12,22,1128,12789,531,1795
2021-03-13,19,1086,12854,688,1663
2021-03-14,10,1059,12877,697,1583
2021-03-15,25,1055,12845,370,2052
2021-03-16,18,1066,12842,549,1732
2021-03-17,36,1084,12891,510,1781
2021-03-18,23,1097,13023,495,1661
2021-03-19,24,1117,13124,382,1623
2021-03-20,14,1093,13127,523,1559
2021-03-21,8,1075,13170,631,1431
2021-03-22,32,1064,13204,408,2048
2021-03-23,20,1083,13190,392,1787
2021-03-24,23,1104,13209,643,1710
2021-03-25,17,1105,13144,507,1509
2021-03-26,23,1136,13227,403,1416
2021-03-27,13,1102,13191,546,1459
2021-03-28,8,1087,13156,479,1262
2021-03-29,18,1087,13317,403,1616
2021-03-30,17,1113,13606,380,1521
2021-03-31,29,1097,13678,501,1421
2021-04-01,16,1105,13788,372,1263
2021-04-02,3,1103,13878,525,1212
2021-04-03,15,1061,13746,395,1171
2021-04-04,5,1045,13806,579,1033
2021-04-05,8,1026,13795,626,1292
2021-04-06,28,1011,13850,646,1696
2021-04-07,24,1030,14033,330,1566
2021-04-08,22,1047,14192,277,1506
2021-04-09,30,1062,14261,364,1499
2021-04-10,19,1036,14302,322,1325
2021-04-11,9,1015,14284,493,1307
2021-04-12,17,1041,14309,480,1737
2021-04-13,17,1067,14285,679,1506
2021-04-14,20,1077,14304,430,1529
2021-04-15,22,1087,14356,521,1496
2021-04-16,25,1111,14391,736,1546
2021-04-17,11,1103,14382,513,1313
2021-04-18,13,1077,14345,557,1181
2021-04-19,25,1054,14377,445,1660
2021-04-20,16,1048,14450,465,1588
2021-04-21,31,1059,14479,490,1547
2021-04-22,19,1073,14440,395,1463
2021-04-23,18,1109,14388,415,1504
2021-04-24,10,1075,14437,410,1273
2021-04-25,6,1063,14461,540,1218
2021-04-26,33,1093,14685,425,1697
2021-04-27,34,1113,14705,510,1694
2021-04-28,23,1131,14790,538,1506
2021-04-29,21,1150,14808,416,1579
2021-04-30,23,1187,14775,502,1513
2021-05-01,7,1176,14790,569,1264
2021-05-02,10,1154,14816,709,1292
2021-05-03,24,1155,14776,404,1629
2021-05-04,27,1176,14750,738,1659
2021-05-05,29,1194,14713,655,1707
2021-05-06,28,1192,14698,633,1651
2021-05-07,20,1228,14646,509,1598
2021-05-08,11,1217,14628,528,1301
2021-05-09,6,1198,14638,387,1216
2021-05-10,23,1183,14569,650,1737
2021-05-11,25,1189,14608,604,1712
2021-05-12,28,1222,14629,621,1591
2021-05-13,12,1207,14630,603,1517
2021-05-14,29,1222,14710,511,1683
2021-05-15,13,1237,14746,615,1287
2021-05-16,17,1198,14733,637,1246
2021-05-17,30,1191,14733,563,1934
2021-05-18,38,1197,14755,602,1648
2021-05-19,34,1219,14860,402,1786
2021-05-20,25,1238,14921,678,1716
2021-05-21,26,1262,15050,458,1547
2021-05-22,14,1246,15031,665,1493
2021-05-23,12,1230,15060,843,1214
2021-05-24,4,1211,15080,676,1807
2021-05-25,34,1203,15025,475,1843
2021-05-26,32,1230,14987,539,1820
2021-05-27,24,1245,14976,601,1730
2021-05-28,38,1248,14984,597,1603
2021-05-29,16,1251,15066,536,1385
2021-05-30,10,1231,15078,594,1194
2021-05-31,29,1218,15092,536,1934
2021-06-01,35,1208,15140,357,1673
2021-06-02,33,1237,15084,508,1673
2021-06-03,19,1260,15135,465,1641
2021-06-04,25,1287,15061,497,1636
2021-06-05,14,1254,15076,679,1502
2021-06-06,11,1230,15098,623,1285
2021-06-07,27,1242,15182,487,1844
2021-06-08,28,1264,15145,547,1788
2021-06-09,33,1298,15105,514,1794
2021-06-10,19,1321,15246,521,1826
2021-06-11,22,1340,15300,343,1599
2021-06-12,16,1317,15331,350,1420
2021-06-13,12,1290,15344,568,1195
2021-06-14,30,1315,15448,525,2021
2021-06-15,27,1321,15485,433,1824
2021-06-16,25,1332,15611,435,1844
2021-06-17,26,1365,15558,388,1824
2021-06-18,23,1395,15644,487,1699
2021-06-19,17,1367,15699,843,1546
2021-06-20,7,1346,15735,623,1276
2021-06-21,29,1341,15667,714,1986
2021-06-22,36,1345,15820,528,1842
2021-06-23,27,1357,15888,552,1680
2021-06-24,24,1398,15886,533,1736
2021-06-25,26,1444,15878,633,1740
2021-06-26,20,1422,15955,592,1508
2021-06-27,6,1396,15910,678,1337
2021-06-28,30,1422,15908,686,2093
2021-06-29,31,1438,16055,794,1987
2021-06-30,24,1439,16114,585,1944
2021-07-01,33,1436,16184,677,1739
2021-07-02,33,1463,16243,622,1621
2021-07-03,18,1449,16284,487,1378
2021-07-04,6,1429,16248,661,1294
2021-07-05,36,1433,16325,551,1904
2021-07-06,30,1423,16419,677,1733
2021-07-07,32,1421,16514,570,1711
2021-07-08,25,1395,16443,574,1691
2021-07-09,26,1410,16514,442,1576
2021-07-10,16,1379,16514,548,1436
2021-07-11,11,1362,16562,630,1199
2021-07-12,31,1347,16633,597,1783
2021-07-13,35,1330,16690,574,1707
2021-07-14,36,1328,16700,792,1785
2021-07-15,31,1319,16658,517,1696
2021-07-16,31,1344,16584,555,1595
2021-07-17,22,1320,16655,726,1417
2021-07-18,11,1298,16695,735,1245
2021-07-19,30,1290,16748,607,1940
2021-07-20,34,1282,16740,581,1719
2021-07-21,27,1316,16632,475,1762
2021-07-22,30,1340,16725,779,1676
2021-07-23,25,1374,16702,716,1598
2021-07-24,21,1363,16728,540,1456
2021-07-25,11,1339,16778,871,1443
2021-07-26,27,1334,16872,785,1952
2021-07-27,24,1327,16933,687,1913
2021-07-28,31,1327,16949,696,1974
2021-07-29,23,1336,16959,700,1802
2021-07-30,34,1369,16980,542,1684
2021-07-31,19,1354,17083,816,1439
2021-08-01,11,1332,17105,776,1352
2021-08-02,29,1315,17083,832,2023
2021-08-03,39,1320,17179,722,1851
2021-08-04,38,1367,17190,726,1936
2021-08-05,30,1387,17149,807,1797
2021-08-06,32,1394,17219,705,1676
2021-08-07,28,1361,17352,835,1486
2021-08-08,11,1337,17345,997,1330
2021-08-09,32,1333,17368,680,1981
2021-08-10,35,1330,17481,956,1932
2021-08-11,32,1337,17550,566,1670
2021-08-12,22,1545,17117,736,1733
2021-08-13,30,1569,17144,507,1627
2021-08-14,30,1547,17177,618,1323
2021-08-15,11,1523,17212,905,1182
2021-08-16,39,1504,17287,896,2128
2021-08-17,33,1514,17420,774,2027
2021-08-18,29,1522,17429,960,2063
2021-08-19,23,1553,17378,757,2030
2021-08-20,28,1630,17443,722,1853
2021-08-21,14,1637,17476,702,1587
2021-08-22,17,1623,17479,923,1476
2021-08-23,38,1635,17562,845,2200
2021-08-24,32,1659,17556,829,2273
2021-08-25,27,1692,17686,578,2168
2021-08-26,41,1704,17775,1014,2184
2021-08-27,29,1731,17707,846,2102
2021-08-28,18,1729,17776,570,1725
2021-08-29,5,1721,17790,1096,1596
2021-08-30,39,1722,17721,812,2316
2021-08-31,36,1748,17700,791,2244
2021-09-01,39,1760,17755,695,2116
2021-09-02,26,1797,17586,671,2223
2021-09-03,38,1813,17492,609,2011
2021-09-04,19,1785,17539,674,1833
2021-09-05,15,1764,17568,820,1459
2021-09-06,46,1800,17555,776,2401
2021-09-07,47,1905,17687,951,2312
2021-09-08,37,1946,17718,737,2215
2021-09-09,40,2012,17453,833,2224
2021-09-10,53,2110,17488,906,2157
2021-09-11,29,2083,17529,981,1795
2021-09-12,12,2055,17546,1023,1502
2021-09-13,53,2057,17561,804,2402
2021-09-14,38,2036,17592,790,2374
2021-09-15,36,2061,17597,1087,2312
2021-09-16,37,2114,17549,778,2307
2021-09-17,47,2171,17477,830,2191
2021-09-18,31,2145,17562,824,1814
2021-09-19,15,2117,17596,932,1572
2021-09-20,51,2128,17571,1023,2492
2021-09-21,40,2170,17483,909,2356
2021-09-22,42,2195,17557,902,2245
2021-09-23,36,2217,17557,821,2296
2021-09-24,47,2257,17532,777,2102
2021-09-25,31,2236,17505,917,1915
2021-09-26,21,2202,17563,1027,1671
2021-09-27,40,2210,17549,834,2445
2021-09-28,51,2249,17544,1071,2388
2021-09-29,41,2287,17500,1004,2392
2021-09-30,36,2303,17479,722,2300
2021-10-01,37,2337,17456,870,2127
2021-10-02,34,2289,17516,704,2030
2021-10-03,31,2242,17619,1183,1615
2021-10-04,46,2282,17649,766,2417
2021-10-05,64,2300,17664,1064,2386
2021-10-06,47,2333,17755,1134,2394
2021-10-07,49,2411,17785,1031,2356
2021-10-08,52,2453,17675,1012,2248
2021-10-09,40,2402,17626,966,1894
2021-10-10,29,2359,17702,1468,1576
2021-10-11,58,2382,17727,1235,2498
2021-10-12,59,2417,17698,1311,2218
2021-10-13,55,2422,17694,1372,2399
2021-10-14,75,2440,17736,1197,2382
2021-10-15,45,2467,17652,1125,2246
2021-10-16,41,2417,17684,1649,1968
2021-10-17,21,2378,17707,1582,1732
2021-10-18,43,2363,17668,1121,2593
2021-10-19,57,2438,17676,1313,2421
2021-10-20,56,2590,17754,1322,2230
2021-10-21,56,2732,17717,1466,2425
2021-10-22,54,2840,17700,1357,2277
2021-10-23,47,2795,17729,1378,1918
2021-10-24,10,2765,17747,1475,1682
2021-10-25,67,2761,17763,1330,2502
2021-10-26,63,2765,17744,1694,2403
2021-10-27,68,2766,17801,1521,2451
2021-10-28,51,2758,17807,1535,2355
2021-10-29,60,2748,17784,1423,2167
2021-10-30,43,2700,17835,1935,2048
2021-10-31,27,2653,17830,1730,1796
2021-11-01,65,2659,17902,2209,2042
2021-11-02,75,2670,17970,1739,2636
2021-11-03,60,2735,17907,1754,2530
2021-11-04,65,2775,17919,1533,2631
2021-11-05,59,2827,17917,1526,2216
2021-11-06,47,2846,17991,1712,2035
2021-11-07,28,2801,18015,1771,1819
2021-11-08,68,2807,18031,1491,2521
2021-11-09,62,2825,18058,1523,2429
2021-11-10,70,2839,18009,1245,2422
2021-11-11,50,2870,18022,1361,2250
2021-11-12,56,2901,17950,1511,2324
2021-11-13,53,2872,18024,1912,2122
2021-11-14,25,2830,18077,2059,1830
2021-11-15,74,2800,18153,1559,2533
2021-11-16,65,2795,18198,1759,2425
2021-11-17,62,2832,18184,1414,2418
2021-11-18,64,2832,18207,1145,2312
2021-11-19,46,2873,18238,1536,2206
2021-11-20,34,2893,18288,1519,1974
2021-11-21,26,2857,18340,1779,1839
2021-11-22,67,2881,18403,1915,2578
2021-11-23,70,2914,18416,1546,2342
2021-11-24,64,2952,18412,1561,2379
2021-11-25,56,2984,18386,1834,2487
2021-11-26,44,3040,18407,1357,2204
2021-11-27,54,3011,18484,1530,2047
2021-11-28,21,2974,18533,1696,1892
2021-11-29,68,2981,18512,1559,2649
2021-11-30,66,3027,18557,1492,2660
2021-12-01,48,3032,18557,1410,2575
2021-12-02,58,3076,18621,1417,2477
2021-12-03,46,3103,18624,1303,2273
2021-12-04,40,3106,18665,1837,2041
2021-12-05,30,3069,18715,1929,2023
2021-12-06,57,3033,18751,1593,2494
2021-12-07,59,3034,18767,1856,2403
2021-12-08,61,3034,18806,1815,2429
2021-12-09,44,3126,18665,2019,2444
2021-12-10,60,3158,18639,1486,2181
2021-12-11,41,3162,18688,1996,2185
2021-12-12,26,3130,18721,1966,1949
2021-12-13,64,3064,18797,1606,2717
2021-12-14,49,3108,18838,1612,2613
2021-12-15,61,3211,18878,1584,2415
2021-12-16,58,3245,18917,1450,2416
2021-12-17,34,3310,18885,1633,2147
2021-12-18,36,3316,18909,1547,2000
2021-12-19,20,3306,18953,1878,1803
2021-12-20,52,3287,19024,1188,2300
2021-12-21,51,3320,18977,1434,2112
2021-12-22,33,3394,18960,1621,2227
2021-12-23,31,3414,18967,1385,2037
2021-12-24,26,3395,18970,1012,1370
2021-12-25,13,3374,18990,1693,1475
2021-12-26,18,3347,19007,1813,1797
2021-12-27,47,3318,19049,1982,3007
2021-12-28,62,3355,19093,2158,2953
2021-12-29,59,3324,19132,2403,2948
2021-12-30,63,3363,19216,1926,2691
2021-12-31,24,3333,19202,1360,1845
2022-01-01,17,3313,19227,1857,1637
2022-01-02,19,3285,19271,2662,2291
2022-01-03,64,3205,19268,2477,3346
2022-01-04,52,3298,19265,2531,3254
2022-01-05,89,3278,19354,2449,3068
2022-01-06,49,3308,19384,2143,2681
2022-01-07,75,3261,19385,2319,3183
2022-01-08,61,3223,19410,2171,2733
2022-01-09,21,3202,19437,2548,2412
2022-01-10,68,3202,19432,2338,3151
2022-01-11,82,3199,19464,2181,2970
2022-01-12,69,3226,19413,2090,3159
2022-01-13,54,3250,19510,2234,3083
2022-01-14,71,3277,19466,2153,3099
2022-01-15,53,3246,19523,2089,2796
2022-01-16,34,3217,19551,2751,2621
2022-01-17,78,3140,19592,2166,3361
2022-01-18,71,3115,19622,2083,3197
2022-01-19,56,3097,19675,2181,3048
2022-01-20,41,3082,19717,1773,3046
2022-01-21,59,3012,19704,1895,2966
2022-01-22,53,3029,19698,2346,2714
2022-01-23,20,3008,19748,2783,2492
2022-01-24,76,2941,19765,2191,3274
2022-01-25,69,2881,19817,2140,3147
2022-01-26,54,2947,19775,2310,3202
2022-01-27,48,2953,19801,2072,3020
2022-01-28,52,2764,20056,2034,2915
2022-01-29,56,2737,20156,2128,2643
2022-01-30,30,2711,20230,2388,2358
2022-01-31,77,2687,20245,1951,3275
2022-02-01,56,2703,20184,1811,2918
2022-02-02,54,2713,20179,2009,2999
2022-02-03,50,2723,20193,1595,2945
2022-02-04,64,2743,20108,1782,2745
2022-02-05,43,2709,20145,2438,2482
2022-02-06,21,2681,20193,2221,2308
2022-02-07,74,2630,20256,1980,3029
2022-02-08,64,2653,20317,1904,2939
2022-02-09,58,2667,20273,2103,3001
2022-02-10,72,2669,20292,1770,2894
2022-02-11,54,2699,20269,1809,2691
2022-02-12,48,2663,20370,2174,2320
2022-02-13,31,2618,20455,2033,2182
2022-02-14,58,2594,20534,1764,2773
2022-02-15,47,2657,20475,1779,2874
2022-02-16,58,2665,20502,1880,3015
2022-02-17,55,2664,20546,1886,2817
2022-02-18,69,2661,20621,2159,2811
2022-02-19,54,2634,20701,1889,2556
2022-02-20,34,2585,20778,2323,2556
2022-02-21,67,2567,20818,2060,3280
2022-02-22,63,2690,20761,2113,3010
2022-02-23,61,2675,20842,2071,2678
2022-02-24,54,2738,20826,1621,2478
2022-02-25,52,2784,20814,1668,2230
2022-02-26,42,2772,20775,1931,2225
2022-02-27,26,2733,20845,1991,1964
2022-02-28,63,2700,20941,1556,2642
2022-03-01,70,2689,20918,1350,2471
2022-03-02,48,2758,20830,1643,2672
2022-03-03,59,2759,20807,1661,2544
2022-03-04,55,2784,20804,1594,2425
2022-03-05,39,2754,20828,1862,2195
2022-03-06,28,2711,20925,1546,2008
2022-03-07,48,2718,20963,1838,2689
2022-03-08,34,2712,21013,1732,2558
2022-03-09,51,2708,21037,1650,2621
2022-03-10,45,2713,21096,1549,2544
2022-03-11,38,2764,21090,1549,2401
2022-03-12,34,2787,21081,1798,2058
2022-03-13,21,2770,21109,1743,1951
2022-03-14,50,2754,21153,1671,2689
2022-03-15,62,2774,21153,2053,2587
2022-03-16,46,2777,21120,1680,2723
2022-03-17,48,2867,21075,1531,2669
2022-03-18,47,2980,20974,1652,2495
2022-03-19,35,2970,20984,1533,2252
2022-03-20,21,2956,20976,1549,2190
2022-03-21,41,2962,20978,1424,2890
2022-03-22,46,3026,20909,1531,2788
2022-03-23,52,3049,20840,1602,2773
2022-03-24,59,3085,20816,1794,2612
2022-03-25,46,3119,20755,1465,2513
2022-03-26,46,3124,20740,1375,2230
2022-03-27,20,3116,20755,1795,2033
2022-03-28,52,3050,20867,1598,3023
2022-03-29,53,3124,20832,1585,3010
2022-03-30,49,3174,20763,2061,3089
2022-03-31,47,3209,20683,1581,3008
2022-04-01,38,3220,20641,1757,2741
2022-04-02,41,3241,20591,1517,2453
2022-04-03,18,3217,20625,2029,2436
2022-04-04,73,3210,20704,1603,3180
2022-04-05,52,3260,20660,1731,2990
2022-04-06,48,3289,20597,1859,3027
2022-04-07,67,3288,20561,1724,2933
2022-04-08,55,3328,20542,1717,2793
2022-04-09,46,3345,20501,1835,2696
2022-04-10,25,3330,20540,1864,2296
2022-04-11,58,3316,20515,1592,3068
2022-04-12,52,3365,20452,1507,2964
2022-04-13,48,3442,20410,1553,2653
2022-04-14,53,3507,20318,1496,2430
2022-04-15,25,3514,20255,2010,2333
2022-04-16,38,3452,20296,1400,2114
2022-04-17,20,3430,20330,1724,2013
2022-04-18,27,3362,20366,2014,2469
2022-04-19,49,3405,20412,1831,3215
2022-04-20,46,3478,20248,1819,3216
2022-04-21,58,3547,20113,1829,3119
2022-04-22,51,3597,20043,1999,2939
2022-04-23,42,3598,19994,1812,2630
2022-04-24,27,3571,20008,2080,2485
2022-04-25,76,3492,20043,1910,2996
2022-04-26,74,3580,20025,1773,3140
2022-04-27,61,3600,20010,1447,3092
2022-04-28,47,3647,19948,1566,3079
2022-04-29,56,3697,19886,1525,2809
2022-04-30,44,3705,19798,1530,2514
2022-05-01,21,3692,19797,2223,2294
2022-05-02,57,3652,19803,1708,3156
2022-05-03,54,3663,19753,1709,3068
2022-05-04,64,3748,19645,2089,3091
2022-05-05,55,3805,19559,1950,3027
2022-05-06,60,3848,19457,1504,2689
2022-05-07,45,3839,19458,1573,2455
2022-05-08,33,3785,19496,2180,2400
2022-05-09,70,3776,19465,1822,3169
2022-05-10,72,3803,19404,1594,3026
2022-05-11,62,3835,19350,1786,2829
2022-05-12,67,3878,19274,1814,2890
2022-05-13,60,3928,19173,1600,2740
2022-05-14,36,3939,19115,1546,2425
2022-05-15,41,3897,19095,1688,2259
2022-05-16,65,3855,19049,1864,3322
2022-05-17,63,3879,19015,1893,2513
2022-05-18,59,3883,18974,1788,3437
2022-05-19,61,3943,18801,1907,2905
2022-05-20,54,4055,18716,1659,2715
2022-05-21,36,4029,18609,1621,2391
2022-05-22,19,4029,18602,2146,2093
2022-05-23,69,4005,18600,1554,3114
2022-05-24,60,4062,18542,2114,3300
2022-05-25,40,4108,18446,1567,3128
2022-05-26,33,4021,18291,1671,2838
2022-05-27,71,4037,18319,1659,2898
2022-05-28,37,4022,18252,1823,2403
2022-05-29,35,3981,18270,1907,2288
2022-05-30,64,3917,18266,1826,3198
2022-05-31,64,3910,18206,2040,3070
2022-06-01,61,3927,18088,1819,2901
2022-06-02,58,3913,18024,1864,2626
2022-06-03,46,3996,17965,1906,2646
2022-06-04,32,4023,17882,1682,2334
2022-06-05,23,4016,17853,1828,2268
2022-06-06,19,3983,17882,2196,3083
2022-06-07,80,3925,17893,1621,3365
2022-06-08,66,3916,17759,2017,3247
2022-06-09,80,4029,17656,2000,3186
2022-06-10,47,4186,17600,1686,2822
2022-06-11,48,4171,17572,1515,2408
2022-06-12,27,4140,17578,1967,2184
2022-06-13,76,4185,17570,2037,3086
2022-06-14,66,4146,17503,1519,2987
2022-06-15,64,4226,17411,1615,3110
2022-06-16,48,4242,17339,2032,2987
2022-06-17,62,4267,17270,1672,2826
2022-06-18,39,4240,17290,1587,2347
2022-06-19,35,4205,17321,1907,2451
2022-06-20,77,4178,17348,1871,3448
2022-06-21,70,4231,17296,2294,3317
2022-06-22,64,4244,17286,2046,3261
2022-06-23,63,4290,17247,1711,3175
2022-06-24,57,4363,17219,1937,3010
2022-06-25,47,4381,17208,1805,2688
2022-06-26,32,4338,17206,2101,2522
2022-06-27,75,4327,17191,1912,3471
2022-06-28,72,4283,17180,2254,3370
2022-06-29,85,4302,17111,2130,3249
2022-06-30,59,4345,17051,1901,3099
2022-07-01,66,4415,17039,1767,2779
2022-07-02,47,4423,17014,1787,2578
2022-07-03,36,4385,17039,1848,2482
2022-07-04,89,4281,17043,1833,3177
2022-07-05,68,4314,16971,1861,3286
2022-07-06,59,4353,16974,2027,3172
2022-07-07,73,4398,16982,2235,3073
2022-07-08,65,4438,16994,1321,2683
2022-07-09,51,4478,16960,1903,2378
2022-07-10,39,4465,16999,2185,2283
2022-07-11,80,4382,16997,1758,3131
2022-07-12,52,4404,16941,2003,3066
2022-07-13,84,4399,16947,2034,3292
2022-07-14,60,4502,16990,1940,2930
2022-07-15,51,4540,16972,1715,2878
2022-07-16,50,4614,16919,1352,2508
2022-07-17,34,4611,16922,1956,2405
2022-07-18,66,4547,16951,1844,3306
2022-07-19,61,4489,16902,1902,3099
2022-07-20,54,4540,16904,1649,2921
2022-07-21,65,4547,16902,1455,3054
2022-07-22,57,4641,16893,1297,2754
2022-07-23,44,4671,16843,1788,2610
2022-07-24,33,4673,16836,1546,2437
2022-07-25,79,4592,16887,1944,3437
2022-07-26,71,4544,16730,2067,3323
2022-07-27,74,4578,16743,1858,3391
2022-07-28,69,4559,16739,1536,3087
2022-07-29,76,4596,16732,1393,2917
2022-07-30,45,4706,16698,1782,2616
2022-07-31,40,4672,16735,1931,2547
2022-08-01,76,4600,16778,1830,3238
2022-08-02,80,4564,16693,1759,3279
2022-08-03,81,4553,16657,1761,3155
2022-08-04,86,4545,16603,1633,2977
2022-08-05,86,4526,16629,1472,2797
2022-08-06,43,4562,16579,1542,2491
2022-08-07,40,4517,16586,1693,2383
2022-08-08,89,4424,16619,1599,3224
2022-08-09,82,4409,16632,1774,3113
2022-08-10,78,4410,16655,1890,3107
2022-08-11,71,4414,16644,1629,2978
2022-08-12,73,4347,16644,1463,2760
2022-08-13,46,4423,16597,1543,2270
2022-08-14,28,4448,16608,1548,2327
2022-08-15,98,4326,16635,1781,2667
2022-08-16,84,4282,16571,1644,3127
2022-08-17,78,4260,16580,1614,3181
2022-08-18,76,4245,16589,1477,3037
2022-08-19,67,4252,16579,1482,2919
2022-08-20,46,4254,16562,1436,2482
2022-08-21,33,4213,16598,1566,2488
2022-08-22,84,4104,16610,1553,3260
2022-08-23,66,4089,16528,1810,3367
2022-08-24,85,4186,16538,1611,3540
2022-08-25,69,4149,16529,1391,3203
2022-08-26,70,4162,16535,1689,3141
2022-08-27,47,4182,16526,1535,2689
2022-08-28,35,4146,16573,1680,2578
2022-08-29,69,4101,16617,1866,3500
2022-08-30,78,4030,16638,1691,3360
2022-08-31,71,4043,16655,1737,3387
2022-09-01,66,4148,16641,1714,3117
2022-09-02,77,4166,16670,1618,3030
2022-09-03,48,4144,16646,1667,2780
2022-09-04,39,4103,16688,1711,2690
2022-09-05,85,4036,16733,1837,3374
2022-09-06,75,4031,16671,1734,3312
2022-09-07,81,4027,16738,1669,3288
2022-09-08,67,4034,16798,1618,3139
2022-09-09,66,3983,16867,1776,2993
2022-09-10,51,3932,16906,1637,2840
2022-09-11,31,3901,16886,1882,2613
2022-09-12,91,3782,16931,1668,3538
2022-09-13,78,3703,17033,1836,3397
2022-09-14,86,3814,17063,1721,3546
2022-09-15,62,3794,17114,1728,3228
2022-09-16,75,3755,17165,1646,3239
2022-09-17,47,3737,17198,1526,2809
2022-09-18,34,3685,17212,2034,2524
2022-09-19,95,3617,17257,1543,3591
2022-09-20,86,3481,17288,1688,3428
2022-09-21,66,3374,17283,1661,3354
2022-09-22,85,3452,17320,1634,3127
2022-09-23,66,3478,17332,1662,3015
2022-09-24,69,3436,17389,1712,2788
2022-09-25,36,3410,17447,1898,2576
2022-09-26,97,3331,17535,1586,3457
2022-09-27,76,3322,17612,1562,3377
2022-09-28,88,3264,17664,1963,3224
2022-09-29,65,3242,17696,2122,3233
2022-09-30,100,3184,17788,1960,2942
2022-10-01,52,3141,17798,1790,2515
2022-10-02,30,3114,17830,1986,2514
2022-10-03,36,3048,17887,2031,3240
2022-10-04,58,2969,17900,1983,3409
2022-10-05,63,2935,17867,2172,3253
2022-10-06,91,2855,17916,2103,3152
2022-10-07,64,2823,17940,198,2966
2022-10-08,43,2805,17952,0,2596
2022-10-09,29,2784,17985,0,2470
2022-10-10,70,2745,18071,6162,3394
2022-10-11,81,2709,18090,0,3112
2022-10-12,62,2694,18129,2760,3156
2022-10-13,72,2825,18213,2733,3293
2022-10-14,69,2824,18139,2119,2993
2022-10-15,47,2844,18190,2136,2791
2022-10-16,32,2818,18182,2070,2530
2022-10-17,75,2719,18270,2117,3466
2022-10-18,78,2712,18306,1896,3501
2022-10-19,68,2709,18317,2000,3185
2022-10-20,69,2728,18281,2083,3202
2022-10-21,81,2709,18287,2246,3142
2022-10-22,53,2734,18303,2388,2687
2022-10-23,33,2707,18357,2764,2520
2022-10-24,71,2592,18479,2148,3335
2022-10-25,62,2566,18474,1983,3319
2022-10-26,63,2628,18334,1919,3219
2022-10-27,59,2614,18356,2014,3093
2022-10-28,76,2584,18417,1939,2732
2022-10-29,53,2571,18409,1889,2564
2022-10-30,29,2563,18394,2012,2507
2022-10-31,66,2483,18495,2310,3108
2022-11-01,66,2393,18534,2386,2826
2022-11-02,67,2331,18489,2305,3251
2022-11-03,69,2295,18487,2017,3152
2022-11-04,71,2390,18334,2028,3038
2022-11-05,55,2400,18348,1924,2768
2022-11-06,30,2375,18380,2295,2369
2022-11-07,82,2285,18470,2007,3363
2022-11-08,88,2252,18422,1894,3131
2022-11-09,73,2253,18444,2057,3186
2022-11-10,60,2245,18410,1787,2894
2022-11-11,64,2251,18266,1852,2728
2022-11-12,49,2266,18209,2074,2549
2022-11-13,24,2243,18277,2135,2368
2022-11-14,62,2224,18332,2431,3308
2022-11-15,57,2240,18379,2178,3362
2022-11-16,63,2267,18413,2439,3215
2022-11-17,55,2272,18362,2167,2966
2022-11-18,69,2244,18285,1756,2788
2022-11-19,56,2232,18299,1921,2538
2022-11-20,28,2226,18337,2113,2370
2022-11-21,76,2133,18468,1784,3169
2022-11-22,70,2109,18360,2024,2969
2022-11-23,65,2133,18340,2333,3060
2022-11-24,58,2138,18255,2471,3015
2022-11-25,65,2236,18149,1997,2580
2022-11-26,32,2287,18042,2099,2331
2022-11-27,27,2259,18119,1958,2168
2022-11-28,76,2194,18163,2181,3070
2022-11-29,79,2185,18157,2178,3030
2022-11-30,80,2165,18109,2139,3025
2022-12-01,57,2185,18020,2269,2695
2022-12-02,57,2187,18003,2094,2644
2022-12-03,45,2224,17900,2277,2296
2022-12-04,33,2209,17951,2348,2193
2022-12-05,76,2106,18070,2241,2954
2022-12-06,77,2110,18098,2101,2642
2022-12-07,53,2123,18065,2215,2648
2022-12-08,66,2114,17978,1973,2527
2022-12-09,64,2174,17836,1777,2411
2022-12-10,38,2207,17715,1890,2107
2022-12-11,39,2170,17727,2273,2086
2022-12-12,78,2062,17880,1956,2936
2022-12-13,74,2062,17748,1974,2794
2022-12-14,60,2127,17652,2098,2675
2022-12-15,63,2156,17641,2011,2520
2022-12-16,68,2191,17608,1900,2449
2022-12-17,49,2191,17596,2124,2141
2022-12-18,32,2188,17539,1900,1793
2022-12-19,63,2121,17628,2047,2679
2022-12-20,61,2128,17664,1996,2672
2022-12-21,61,2146,17549,2433,2653
2022-12-22,49,2181,17481,2013,2374
2022-12-23,53,2217,17500,2073,2196
2022-12-24,26,2287,17431,1630,1547
2022-12-25,25,2253,17468,2023,1651
2022-12-26,25,2203,17524,2267,2381
2022-12-27,64,2137,17519,2927,3458
2022-12-28,74,2103,17518,2719,3389
2022-12-29,80,2064,17575,2280,3120
2022-12-30,85,2060,17581,2554,2738
2022-12-31,31,2069,17510,1712,1730
2023-01-01,34,2025,17566,1896,1807
2023-01-02,91,1929,17735,2675,3437
2023-01-03,87,1886,17701,2689,3617
2023-01-04,88,1836,17841,2803,3581
2023-01-05,70,1819,17772,2641,3203
2023-01-06,86,1790,17671,2746,2787
2023-01-07,60,1778,17748,2398,2767
2023-01-08,38,1746,17829,2548,2502
2023-01-09,85,1650,17923,2440,3629
2023-01-10,90,1610,17879,2692,3527
2023-01-11,76,1579,17867,2269,3460
2023-01-12,60,1541,17707,2452,3262
2023-01-13,67,1551,17619,2701,3145
2023-01-14,50,1553,17619,2433,2886
2023-01-15,35,1510,17760,2631,2545
2023-01-16,91,1415,17856,2473,3537
2023-01-17,81,1462,17659,2937,3447
2023-01-18,84,1445,17542,2586,3402
2023-01-19,71,1434,17355,2668,3422
2023-01-20,75,1426,17390,2633,3205
2023-01-21,71,1448,17403,2661,2963
2023-01-22,29,1414,17437,2489,2519
2023-01-23,90,1309,17548,2575,3830
2023-01-24,99,1316,17504,2639,3674
2023-01-25,68,1371,17444,2541,3605
2023-01-26,65,1384,17368,2326,3388
2023-01-27,60,1377,17293,2245,3185
2023-01-28,50,1411,17134,2614,2943
2023-01-29,43,1376,17145,2770,2481
2023-01-30,83,1283,17189,2545,3635
2023-01-31,74,1271,17099,2543,3685
2023-02-01,75,1270,17187,2375,3407
2023-02-02,85,1248,17192,2248,3332
2023-02-03,58,1261,17197,2281,3022
2023-02-04,51,1299,17171,2448,2880
2023-02-05,37,1268,17169,2320,2314
2023-02-06,60,1191,17388,1919,3352
2023-02-07,73,1182,17390,2234,3357
2023-02-08,68,1188,17177,2389,3066
2023-02-09,72,1183,17127,2280,3006
2023-02-10,68,1221,17145,1958,2846
2023-02-11,51,1238,16987,2208,2550
2023-02-12,23,1214,17016,2424,2279
2023-02-13,74,1110,17065,2106,3093
2023-02-14,67,1101,17032,2211,2939
2023-02-15,60,1116,17042,2071,3243
2023-02-16,71,1112,17043,2126,3096
2023-02-17,43,1160,16888,2132,2808
2023-02-18,51,1217,16967,2290,2793
2023-02-19,36,1191,17113,2162,2267
2023-02-20,49,1130,17134,2024,3256
2023-02-21,60,1149,16916,2041,3051
2023-02-22,63,1215,16800,2290,3073
2023-02-23,63,1254,16673,2221,2968
2023-02-24,60,1260,16697,2066,2891
2023-02-25,44,1275,16587,1963,2617
2023-02-26,27,1267,16608,2180,2205
2023-02-27,56,1176,16749,1834,3231
2023-02-28,63,1161,16839,1971,3248
2023-03-01,62,1195,16773,2162,3020
2023-03-02,65,1213,16778,1978,2988
2023-03-03,55,1234,16783,2147,2861
2023-03-04,38,1274,16617,2081,2489
2023-03-05,36,1263,16632,2229,2260
2023-03-06,66,1182,16781,1944,3012
2023-03-07,55,1190,16597,2056,2944
2023-03-08,47,1213,16460,1894,2852
2023-03-09,18,1249,16383,1864,2950
2023-03-10,30,1335,16358,1948,2676
2023-03-11,17,1443,16286,2002,2562
2023-03-12,1,1476,16256,2212,2075
2023-03-13,46,1429,16283,2090,3054
2023-03-14,53,1463,16300,2234,2999
2023-03-15,54,1483,16273,2206,2850
2023-03-16,50,1504,16224,2114,2874
2023-03-17,48,1523,16138,1985,2766
2023-03-18,16,1583,16037,1985,2438
2023-03-19,0,1596,16042,2325,2135
2023-03-20,77,1515,16141,2683,2986
2023-03-21,80,1483,16202,2118,3050
2023-03-22,60,1494,16174,2093,2900
2023-03-23,55,1487,16030,2118,2728
2023-03-24,41,1573,15899,2029,2495
2023-03-25,10,1635,15736,2226,2273
2023-03-26,1,1657,15748,2004,2037
2023-03-27,76,1572,15791,2213,2876
2023-03-28,46,1586,15800,2160,2966
2023-03-29,67,1587,15839,2310,2791
2023-03-30,61,1581,15789,2238,2772
2023-03-31,53,1628,15660,1986,2682
2023-04-01,16,1703,15571,1907,2229
2023-04-02,0,1734,15564,2104,1963
2023-04-03,61,1672,15593,1857,2748
2023-04-04,57,1666,15506,1839,2603
2023-04-05,58,1668,15551,1920,2479
2023-04-06,47,1687,15488,1716,2228
2023-04-07,0,1755,15408,2510,2256
2023-04-08,24,1730,15434,1800,2000
2023-04-09,0,1751,15523,1546,1569
2023-04-10,0,1751,15523,2031,2053
2023-04-11,73,1676,15542,2092,2876
2023-04-12,74,1682,15375,2490,2857
2023-04-13,68,1699,15463,2269,2871
2023-04-14,60,1702,15493,2371,2571
2023-04-15,26,1752,15464,1919,2261
2023-04-16,0,1767,15504,2263,1994
2023-04-17,72,1702,15533,2241,2932
2023-04-18,63,1688,15407,2339,2771
2023-04-19,65,1676,15391,1885,2676
2023-04-20,78,1668,15323,1875,2631
2023-04-21,74,1733,15326,2149,2467
2023-04-22,21,1834,15206,1803,2141
2023-04-23,0,1872,15255,2171,1998
2023-04-24,78,1800,15292,2630,2921
2023-04-25,79,1789,15230,2855,2770
2023-04-26,73,1797,15197,2397,2784
2023-04-27,51,1842,15167,2375,2711
2023-04-28,66,1916,15305,2616,2696
2023-04-29,16,1985,15252,2279,2238
2023-04-30,0,1985,15248,2217,1841
2023-05-01,0,1985,15248,2289,2018
2023-05-02,75,1926,15284,2341,2772
2023-05-03,83,1885,15320,2520,2768
2023-05-04,53,1900,15266,2094,2681
2023-05-05,67,1899,15263,2223,2507
2023-05-06,20,1960,15231,2071,2153
2023-05-07,0,1988,15261,2303,1942
2023-05-08,93,1899,15265,2252,2848
2023-05-09,64,1870,15198,2279,2776
2023-05-10,54,1878,15125,2548,2821
2023-05-11,61,1883,15047,2068,2731
2023-05-12,59,1895,15014,2203,2604
2023-05-13,14,1966,14929,1758,2229
2023-05-14,0,2020,14966,2130,1933
2023-05-15,88,1939,14999,2277,2897
2023-05-16,52,1997,14861,2339,2879
2023-05-17,54,2026,14852,2082,2687
2023-05-18,0,2105,14814,2037,2553
2023-05-19,77,2024,14796,2036,2628
2023-05-20,8,2072,14774,1986,2251
2023-05-21,0,2081,14791,1844,1945
2023-05-22,73,2021,14744,2109,2924
2023-05-23,79,1987,14677,2282,2850
2023-05-24,52,1998,14567,2606,2781
2023-05-25,51,2032,14462,2129,2718
2023-05-26,46,2058,14444,1827,2432
2023-05-27,12,2102,14465,1718,2128
2023-05-28,0,2118,14460,1813,1708
2023-05-29,0,2118,14460,2108,2409
2023-05-30,91,2029,14420,2220,2723
2023-05-31,59,2057,14403,2038,2748
2023-06-01,52,2042,14357,1858,2429
2023-06-02,44,2066,14319,1809,2270
2023-06-03,17,2109,14283,1655,1979
2023-06-04,0,2142,14297,1872,1746
2023-06-05,67,2088,14246,2016,2647
2023-06-06,57,2104,14162,1761,2610
2023-06-07,68,2103,14141,1928,2433
2023-06-08,60,2130,14175,2194,2435
2023-06-09,44,2140,14229,1796,2396
2023-06-10,15,2216,14190,1327,1909
2023-06-11,0,2253,14199,1714,1876
2023-06-12,77,2188,14145,1838,2761
2023-06-13,70,2209,14199,1625,2676
2023-06-14,48,2233,14196,1680,2521
2023-06-15,56,2246,14152,1672,2410
2023-06-16,50,2291,14095,1732,2256
2023-06-17,20,2369,14043,1734,1937
2023-06-18,0,2415,14063,1878,1855
2023-06-19,48,2379,14097,1835,2605
2023-06-20,72,2382,14180,2019,2506
2023-06-21,41,2421,14122,1983,2485
2023-06-22,57,2449,14132,1794,2423
2023-06-23,54,2474,14180,1991,2215
2023-06-24,23,2534,14181,1935,1854
2023-06-25,0,2582,14189,1931,1709
2023-06-26,65,2528,14195,1813,2632
2023-06-27,62,2521,14160,2032,2471
2023-06-28,46,2544,14153,1765,2449
2023-06-29,46,2567,14237,2355,2410
2023-06-30,45,2583,14259,2197,2215
2023-07-01,34,2649,14266,2088,1923
2023-07-02,0,2680,14271,1959,1755
2023-07-03,63,2607,14280,1986,2641
2023-07-04,96,2599,14328,2096,2595
2023-07-05,47,2626,14373,2000,2739
2023-07-06,54,2615,14318,1794,2391
2023-07-07,70,2641,14331,1745,2334
2023-07-08,19,2725,14351,1716,1927
2023-07-09,0,2758,14352,1888,1675
2023-07-10,60,2706,14361,2151,2576
2023-07-11,64,2701,14357,1816,2426
2023-07-12,59,2716,14330,2080,2570
2023-07-13,61,2742,14326,2267,2541
2023-07-14,54,2754,14376,1930,2286
2023-07-15,24,2799,14407,1773,1946
2023-07-16,1,2831,14406,1743,1748
2023-07-17,78,2749,14465,2148,2695
2023-07-18,78,2726,14474,2347,2535
2023-07-19,67,2753,14456,2060,2616
2023-07-20,57,2780,14464,2068,2523
2023-07-21,59,2817,14446,2237,2326
2023-07-22,15,2885,14488,2381,2021
2023-07-23,0,2902,14500,1999,1732
2023-07-24,74,2823,14523,2128,2640
2023-07-25,93,2777,14584,2414,2690
2023-07-26,70,2776,14647,2148,2554
2023-07-27,51,2808,14618,2206,2530
2023-07-28,40,2861,14631,1926,2311
2023-07-29,12,3007,14631,2056,2083
2023-07-30,0,3050,14662,2145,1826
2023-07-31,80,2966,14686,2067,2492
2023-08-01,72,2948,14696,2055,2564
2023-08-02,63,2947,14730,2089,2637
2023-08-03,62,2956,14767,2127,2533
2023-08-04,41,2989,14805,2090,2323
2023-08-05,19,3053,14848,1808,2113
2023-08-06,0,3083,14857,2058,1810
2023-08-07,84,3000,14923,2450,2656
2023-08-08,74,3000,14912,2233,2614
2023-08-09,68,3011,14940,2205,2568
2023-08-10,47,3045,14921,2031,2436
2023-08-11,52,3068,14954,2069,2392
2023-08-12,32,3118,14954,2087,2017
2023-08-13,0,3156,14960,2175,1709
2023-08-14,87,3068,14999,2705,2486
2023-08-15,70,3097,15058,2490,2090
2023-08-16,79,3045,15084,2896,2572
2023-08-17,63,3039,15103,2414,2720
2023-08-18,78,3057,15168,2420,2548
2023-08-19,11,3131,15184,2660,2192
2023-08-20,0,3176,15220,2378,1943
2023-08-21,101,3077,15236,2521,2945
2023-08-22,88,3078,15289,2740,2917
2023-08-23,74,3087,15295,2845,2976
2023-08-24,59,3103,15255,2635,2894
2023-08-25,60,3108,15341,2924,2863
2023-08-26,18,3184,15367,2549,2329
2023-08-27,0,3221,15367,2484,2161
2023-08-28,105,3124,15440,2718,3187
2023-08-29,81,3113,15492,2664,3238
2023-08-30,92,3098,15531,2956,3225
2023-08-31,70,3128,15565,2754,2907
2023-09-01,74,3146,15606,2598,2687
2023-09-02,16,3201,15614,2410,2327
2023-09-03,0,3249,15634,2637,1907
2023-09-04,138,3111,15698,2478,2912
2023-09-05,85,3074,15684,2664,2891
2023-09-06,69,3090,15694,2599,2999
2023-09-07,75,3082,15724,2796,2948
2023-09-08,77,3078,15729,2635,2816
2023-09-09,27,3163,15697,2404,2212
2023-09-10,0,3223,15706,2789,2097
2023-09-11,106,3104,15758,2725,3080
2023-09-12,89,3081,15778,2952,3123
2023-09-13,64,3098,15817,2967,2978
2023-09-14,92,3097,15809,2521,3092
2023-09-15,81,3154,15829,2810,2814
2023-09-16,28,3227,15832,2636,2281
2023-09-17,4,3258,15862,2823,2149
2023-09-18,81,3165,15910,2700,3119
2023-09-19,83,3152,15867,2677,2982
2023-09-20,72,3203,15835,2884,3031
2023-09-21,59,3241,15858,2797,2986
2023-09-22,81,3285,15880,2522,2654
2023-09-23,29,3346,15891,2432,2248
2023-09-24,0,3385,15898,2863,2056
2023-09-25,87,3300,15937,2802,2877
2023-09-26,73,3297,15977,2519,2745
2023-09-27,84,3309,15966,2557,2888
2023-09-28,72,3331,15981,2767,2711
2023-09-29,70,3367,15949,2459,2413
2023-09-30,39,3450,15872,2306,2180
2023-10-01,0,3496,15844,2354,1853
2023-10-02,77,3409,15862,2623,2773
2023-10-03,1,3489,15850,2990,2573
2023-10-04,138,3371,15892,2751,2663
2023-10-05,68,3389,15934,2709,2583
2023-10-06,61,3425,15880,2466,2439
2023-10-07,15,3498,15828,2525,2113
2023-10-08,0,3530,15819,2556,1974
2023-10-09,108,3427,15856,2503,2696
2023-10-10,86,3419,15807,2207,2774
2023-10-11,64,3442,15769,2568,2632
2023-10-12,71,3457,15754,2508,2491
2023-10-13,72,3501,15723,2459,2476
2023-10-14,29,3603,15670,2379,2221
2023-10-15,0,3659,15654,2179,2052
2023-10-16,77,3584,15664,2634,2839
2023-10-17,72,3612,15686,2549,2766
2023-10-18,65,3654,15683,2633,2678
2023-10-19,69,3694,15688,2716,2902
2023-10-20,58,3738,15691,2679,2788
2023-10-21,35,3810,15658,2537,2421
2023-10-22,0,3836,15660,3354,2166
2023-10-23,91,3774,15742,2783,3058
2023-10-24,79,3807,15666,2845,2968
2023-10-25,91,3805,15672,2862,2963
2023-10-26,70,3832,15672,2607,2802
2023-10-27,58,3849,15629,2622,2656
2023-10-28,13,3933,15600,2765,2320
2023-10-29,0,3954,15598,3341,2212
2023-10-30,85,3873,15608,2880,2865
2023-10-31,50,3896,15600,3103,2715
2023-11-01,92,3870,15634,3343,2759
2023-11-02,70,3888,15606,2880,3094
2023-11-03,60,3913,15586,2719,2735
2023-11-04,50,3947,15540,2885,2633
2023-11-05,0,4001,15538,3314,2442
2023-11-06,116,3898,15575,2921,3134
2023-11-07,79,3909,15550,3194,3294
2023-11-08,81,3898,15535,2813,3133
2023-11-09,99,3910,15521,3433,3029
2023-11-10,88,3944,15529,2744,2901
2023-11-11,33,4044,15510,3098,2407
2023-11-12,0,4064,15530,2997,2279
2023-11-13,119,3962,15531,3147,3063
2023-11-14,108,3946,15554,3009,3044
2023-11-15,89,3925,15490,3136,3170
2023-11-16,77,3965,15439,2962,2886
2023-11-17,79,3992,15394,2931,2787
2023-11-18,26,4069,15368,3003,2475
2023-11-19,0,4088,15368,2775,2488
2023-11-20,119,3990,15387,3042,3193
2023-11-21,86,3985,15361,3017,3043
2023-11-22,103,3971,15327,2815,2840
2023-11-23,90,4012,15318,3063,3035
2023-11-24,76,4036,15318,2957,2634
2023-11-25,23,4110,15257,2874,2333
2023-11-26,0,4160,15257,3126,2168
2023-11-27,92,4063,15305,2922,2925
2023-11-28,92,4072,15281,2911,3034
2023-11-29,93,4082,15259,2982,2868
2023-11-30,80,4079,15256,2898,2726
2023-12-01,78,4111,15189,2628,2551
2023-12-02,25,4191,15176,2668,2201
2023-12-03,0,4214,15175,3184,2117
2023-12-04,96,4117,15223,2841,2964
2023-12-05,105,4104,15261,3061,2814
2023-12-06,102,4084,15248,2854,2647
2023-12-07,83,4111,15217,2770,2503
2023-12-08,59,4152,15154,2567,2361
2023-12-09,35,4214,15131,2781,2105
2023-12-10,0,4219,15137,2954,1884
2023-12-11,60,4163,15140,3333,2859
2023-12-12,58,4187,15112,2971,2728
2023-12-13,83,4201,15090,2694,2823
2023-12-14,68,4219,15107,2759,2594
2023-12-15,56,4241,15084,2633,2323
2023-12-16,31,4281,15051,2640,2004
2023-12-17,0,4312,15062,2585,1864
2023-12-18,76,4252,15080,3028,2770
2023-12-19,67,4275,15035,4003,2504
2023-12-20,66,4287,14997,2585,2491
2023-12-21,71,4303,14946,2854,2300
2023-12-22,76,4324,14911,2580,2020
2023-12-23,16,4406,14850,2406,1728
2023-12-24,0,4424,14856,2089,1385
2023-12-25,0,4425,14855,2336,1340
2023-12-26,0,4425,14855,2294,1936
2023-12-27,98,4328,14857,2827,2633
2023-12-28,61,4315,14850,3126,2668
2023-12-29,78,4293,14875,2528,2443
2023-12-30,26,4314,14864,2467,1903
2023-12-31,0,4338,14882,1936,1221
2024-01-01,0,4337,14882,2111,1282
2024-01-02,70,4276,14874,2567,2788
2024-01-03,74,4242,14832,3120,3071
2024-01-04,108,4162,14798,3556,3044
2024-01-05,117,4097,14789,3151,2710
2024-01-06,35,4102,14805,2939,2181
2024-01-07,0,4126,14801,2946,2023
2024-01-08,85,4059,14811,2670,2816
2024-01-09,78,4024,14696,3006,2781
2024-01-10,103,3958,14644,3203,2783
2024-01-11,93,3973,14623,2938,2703
2024-01-12,85,4035,14593,2553,2616
2024-01-13,31,4077,14595,2997,2379
2024-01-14,0,4142,14563,2997,2133
2024-01-15,58,4099,14584,3207,3033
2024-01-16,93,4075,14607,2868,2961
2024-01-17,89,4056,14544,3301,2952
2024-01-18,75,4096,14521,3134,2735
2024-01-19,73,4148,14501,3086,2565
2024-01-20,26,4243,14520,3455,2388
2024-01-21,0,4278,14536,3088,2282
2024-01-22,87,4190,14545,2881,3027
2024-01-23,85,4164,14542,2869,3175
2024-01-24,81,4164,14486,3107,3140
2024-01-25,86,4152,14435,3085,2972
2024-01-26,59,4249,14445,2803,2760
2024-01-27,26,4327,14436,3205,2596
2024-01-28,0,4373,14454,3026,2235
2024-01-29,97,4281,14458,3184,3069
2024-01-30,98,4275,14475,3184,3075
2024-01-31,91,4316,14492,3452,3088
2024-02-01,90,4316,14451,3209,2859
2024-02-02,77,4326,14432,3038,2630
2024-02-03,24,4398,14445,3503,2370
2024-02-04,0,4430,14459,3385,2196
2024-02-05,82,4342,14465,3195,3115
2024-02-06,112,4263,14416,3217,2979
2024-02-07,87,4229,14436,3000,2911
2024-02-08,90,4283,14444,3205,2806
2024-02-09,73,4341,14445,2999,2731
2024-02-10,38,4392,14458,2993,2374
2024-02-11,0,4428,14456,3229,2123
2024-02-12,82,4359,14435,3675,3168
2024-02-13,82,4335,14450,3242,3007
2024-02-14,85,4334,14475,3065,2795
2024-02-15,89,4333,14448,3529,2784
2024-02-16,86,4352,14448,3082,2671
2024-02-17,12,4457,14454,3366,2348
2024-02-18,0,4491,14470,3270,2178
2024-02-19,102,4411,14468,2843,3053
2024-02-20,116,4366,14417,3187,3035
2024-02-21,131,4334,14397,3086,2835
2024-02-22,81,4396,14395,3521,2813
2024-02-23,83,4392,14439,3102,2784
2024-02-24,17,4495,14434,3373,2461
2024-02-25,0,4530,14425,3298,2236
2024-02-26,107,4428,14443,3283,3111
2024-02-27,98,4407,14439,3386,3003
2024-02-28,79,4419,14427,3499,2942
2024-02-29,90,4438,14418,2986,2648
2024-03-01,74,4486,14460,3175,2540
2024-03-02,36,4557,14463,3168,2449
2024-03-03,0,4585,14453,3376,2239
2024-03-04,86,4503,14440,3376,3101
2024-03-05,99,4482,14439,3208,2922
2024-03-06,106,4454,14430,3555,2800
2024-03-07,76,4494,14438,3320,2571
2024-03-08,50,4512,14446,3083,2481
2024-03-09,11,4552,14436,3072,2384
2024-03-10,0,4589,14433,3743,2128
2024-03-11,89,4536,14451,3113,3029
2024-03-12,122,4514,14419,3346,2898
2024-03-13,81,4541,14409,3392,3015
2024-03-14,71,4582,14404,3332,2704
2024-03-15,58,4601,14360,3208,2720
2024-03-16,44,4624,14355,3133,2401
2024-03-17,0,4647,14351,3439,2191
2024-03-18,100,4564,14363,3487,3087
2024-03-19,85,4544,14386,3040,3033
2024-03-20,90,4537,14368,3036,2979
2024-03-21,86,4534,14329,3416,2804
2024-03-22,99,4542,14289,2944,2641
2024-03-23,42,4598,14269,2459,2308
2024-03-24,0,4629,14261,2915,2124
2024-03-25,91,4554,14256,3066,3130
2024-03-26,104,4537,14247,3016,2835
2024-03-27,66,4596,14217,3092,2703
2024-03-28,70,4610,14197,2998,2563
2024-03-29,0,4667,14194,3434,2444
2024-03-30,43,4613,14174,2489,2083
2024-03-31,0,4645,14159,2656,1675
2024-04-01,0,4645,14159,3055,2277
2024-04-02,93,4556,14160,3246,3283
2024-04-03,111,4489,14182,3285,3176
2024-04-04,107,4445,14182,3314,3020
2024-04-05,91,4461,14206,3124,2806
2024-04-06,34,4532,14226,2808,2226
2024-04-07,0,4564,14230,3096,2214
2024-04-08,108,4453,14210,3001,3056
2024-04-09,115,4382,14218,3290,3002
2024-04-10,91,4376,14259,3096,2841
2024-04-11,106,4372,14271,3192,2839
2024-04-12,79,4453,14275,3124,2767
2024-04-13,50,4494,14283,2546,2212
2024-04-14,0,4519,14284,3286,2000
2024-04-15,93,4444,14290,3348,3148
2024-04-16,120,4379,14276,3350,3005
2024-04-17,98,4344,14280,3495,3014
2024-04-18,104,4331,14315,3261,2819
2024-04-19,81,4382,14369,3339,2725
2024-04-20,43,4450,14403,3595,2450
2024-04-21,0,4480,14402,3659,2189
2024-04-22,119,4387,14381,3510,3066
2024-04-23,122,4380,14390,3207,3059
