dates,cars_sold_de,cars_sold_it,cars_sold_fr,cars_sold_es,cars_sold_pl,cars_sold_se,cars_sold_at,cars_sold_be,cars_sold_nl
2021-01-01,6,1,3,1,0,0,0,0,1
2021-01-02,14,8,8,5,14,0,0,3,5
2021-01-03,5,2,4,0,1,0,0,0,2
2021-01-04,26,19,16,9,11,1,1,8,16
2021-01-05,25,18,19,18,7,4,7,5,12
2021-01-06,20,3,15,4,3,0,0,5,11
2021-01-07,20,11,16,12,11,3,2,5,4
2021-01-08,26,23,18,15,8,2,5,3,12
2021-01-09,15,21,18,8,16,1,0,5,7
2021-01-10,5,6,4,5,0,0,0,0,1
2021-01-11,27,16,17,25,13,3,9,8,13
2021-01-12,23,18,13,5,10,4,3,5,5
2021-01-13,29,20,20,7,9,1,3,7,10
2021-01-14,22,15,17,12,13,5,0,3,11
2021-01-15,23,18,24,19,9,2,3,2,7
2021-01-16,13,17,20,6,10,0,0,4,6
2021-01-17,6,9,1,0,0,0,0,0,2
2021-01-18,26,16,18,23,13,4,0,3,6
2021-01-19,27,17,15,15,11,3,3,3,7
2021-01-20,26,13,18,18,14,4,3,5,9
2021-01-21,20,13,13,20,12,5,1,1,8
2021-01-22,13,13,22,11,6,3,2,6,6
2021-01-23,17,15,15,4,18,2,0,6,3
2021-01-24,8,6,2,2,1,0,0,0,0
2021-01-25,21,14,25,12,20,4,5,5,13
2021-01-26,14,17,18,18,10,4,4,1,7
2021-01-27,22,12,24,13,11,4,4,5,8
2021-01-28,27,8,17,11,7,2,0,1,12
2021-01-29,39,21,23,17,6,10,1,1,7
2021-01-30,13,16,14,6,13,3,0,5,2
2021-01-31,15,2,4,6,0,0,0,0,4
2021-02-01,31,12,17,15,10,8,3,5,6
2021-02-02,28,13,25,21,11,5,2,5,6
2021-02-03,25,18,18,21,11,3,4,8,9
2021-02-04,28,13,20,17,8,4,7,3,7
2021-02-05,30,12,16,10,8,5,4,1,10
2021-02-06,16,9,13,9,13,5,0,5,4
2021-02-07,6,7,9,4,0,0,0,1,0
2021-02-08,34,20,24,29,8,3,4,6,3
2021-02-09,30,12,22,7,9,5,5,4,5
2021-02-10,21,14,17,15,6,3,2,3,8
2021-02-11,22,14,13,19,5,3,5,4,5
2021-02-12,21,12,20,11,9,4,4,3,4
2021-02-13,23,14,17,11,14,6,0,5,3
2021-02-14,10,2,8,3,1,0,0,0,4
2021-02-15,26,13,29,17,6,9,7,9,7
2021-02-16,17,18,23,18,3,4,1,7,9
2021-02-17,23,10,16,16,14,6,4,7,11
2021-02-18,20,11,16,17,10,3,0,10,12
2021-02-19,42,14,11,17,13,4,3,3,6
2021-02-20,14,7,8,10,9,10,0,3,6
2021-02-21,12,8,6,1,0,0,0,0,3
2021-02-22,30,17,16,19,17,5,0,4,11
2021-02-23,21,15,27,12,11,5,5,7,8
2021-02-24,33,20,22,16,15,12,4,5,9
2021-02-25,27,20,15,16,11,7,1,7,8
2021-02-26,35,19,13,9,11,3,3,4,9
2021-02-27,20,11,14,8,18,6,0,7,5
2021-02-28,17,6,3,5,3,2,0,0,3
2021-03-01,36,15,21,15,13,5,2,9,5
2021-03-02,30,19,12,17,14,5,1,3,10
2021-03-03,32,15,14,25,10,7,3,6,9
2021-03-04,33,11,19,11,11,2,6,4,9
2021-03-05,22,8,23,15,12,4,3,5,11
2021-03-06,23,12,21,10,18,7,0,6,4
2021-03-07,9,10,7,1,2,0,0,0,6
2021-03-08,30,22,20,15,22,4,3,10,6
2021-03-09,28,16,18,15,12,7,4,4,13
2021-03-10,22,18,21,24,6,4,6,7,6
2021-03-11,26,21,14,17,13,4,5,5,6
2021-03-12,22,16,18,9,5,1,4,8,9
2021-03-13,19,9,16,9,12,4,0,4,3
2021-03-14,10,7,4,6,0,2,0,0,4
2021-03-15,25,17,20,17,14,8,4,15,15
2021-03-16,18,15,26,11,7,5,5,9,7
2021-03-17,36,11,25,8,5,7,6,7,10
2021-03-18,22,9,17,16,9,9,2,9,10
2021-03-19,24,11,15,16,9,5,5,4,10
2021-03-20,14,10,22,5,12,7,0,2,7
2021-03-21,8,9,1,2,1,1,0,0,6
2021-03-22,31,12,16,19,13,7,0,5,3
2021-03-23,20,12,19,15,11,9,6,5,10
2021-03-24,23,23,13,18,9,2,5,9,11
2021-03-25,17,18,15,22,9,3,4,3,6
2021-03-26,23,13,15,13,10,5,2,8,5
2021-03-27,13,10,13,7,5,4,0,1,7
2021-03-28,8,2,5,0,1,0,1,1,2
2021-03-29,18,18,17,20,11,5,2,7,11
2021-03-30,17,11,20,12,7,3,3,4,7
2021-03-31,29,12,18,11,6,6,8,7,7
2021-04-01,16,14,12,10,7,6,6,4,7
2021-04-02,3,6,15,5,11,0,2,1,5
2021-04-03,15,7,11,4,6,4,0,2,6
2021-04-04,5,5,5,2,0,1,0,0,6
2021-04-05,8,3,17,12,0,0,0,0,6
2021-04-06,28,13,14,14,14,6,2,8,10
2021-04-07,24,12,27,21,11,4,2,9,8
2021-04-08,22,12,15,23,11,8,4,10,11
2021-04-09,30,13,13,15,15,10,3,9,13
2021-04-10,19,12,21,8,11,7,0,3,5
2021-04-11,9,5,6,1,1,0,0,2,5
2021-04-12,17,14,26,17,19,9,2,11,6
2021-04-13,17,9,21,11,7,8,2,8,6
2021-04-14,20,9,23,22,8,2,4,10,12
2021-04-15,22,8,12,18,13,4,2,4,6
2021-04-16,25,8,14,13,11,3,5,2,12
2021-04-17,11,3,13,16,12,3,0,5,4
2021-04-18,13,3,9,3,1,1,0,0,5
2021-04-19,25,11,20,10,10,2,4,6,5
2021-04-20,16,15,16,27,6,4,5,4,8
2021-04-21,31,14,15,19,10,2,3,9,10
2021-04-22,19,13,7,20,15,8,2,6,7
2021-04-23,18,17,14,13,10,6,4,8,11
2021-04-24,9,11,18,5,8,4,0,5,6
2021-04-25,6,1,1,7,7,1,0,1,0
2021-04-26,33,17,9,10,9,6,7,10,6
2021-04-27,34,10,20,11,11,6,6,4,8
2021-04-28,23,15,16,15,9,8,4,6,6
2021-04-29,21,16,16,20,6,6,2,6,9
2021-04-30,23,6,12,10,7,5,8,10,11
2021-05-01,7,2,8,9,0,0,0,2,6
2021-05-02,10,4,5,5,0,0,0,0,1
2021-05-03,24,12,17,15,0,8,3,7,9
2021-05-04,27,16,21,22,15,3,2,5,9
2021-05-05,28,6,14,18,9,7,7,11,14
2021-05-06,28,15,24,25,6,4,6,4,6
2021-05-07,20,12,17,16,11,6,3,3,5
2021-05-08,11,17,12,10,13,4,0,1,9
2021-05-09,6,6,7,7,1,1,0,0,5
2021-05-10,23,14,17,25,16,14,1,9,13
2021-05-11,25,19,15,17,8,7,2,4,9
2021-05-12,28,17,12,22,12,5,5,5,6
2021-05-13,12,11,11,17,15,1,0,1,4
2021-05-14,29,19,14,18,11,6,1,6,7
2021-05-15,13,12,9,14,10,4,0,2,4
2021-05-16,17,5,5,6,0,2,0,0,10
2021-05-17,30,13,25,7,12,6,11,11,8
2021-05-18,38,14,15,32,13,5,3,9,7
2021-05-19,34,19,27,26,11,2,2,9,10
2021-05-20,25,18,13,19,8,8,2,8,8
2021-05-21,26,19,16,22,15,4,4,4,10
2021-05-22,14,14,14,11,14,6,0,1,5
2021-05-23,12,9,4,12,0,2,0,0,4
2021-05-24,4,20,21,19,11,7,0,3,9
2021-05-25,34,15,24,26,11,3,6,8,11
2021-05-26,32,20,29,25,9,5,1,8,7
2021-05-27,24,18,22,21,12,14,8,7,11
2021-05-28,38,22,23,25,7,3,3,5,12
2021-05-29,16,12,13,4,8,3,0,5,5
2021-05-30,10,5,6,4,0,1,0,0,7
2021-05-31,29,25,28,25,19,6,7,9,7
2021-06-01,35,25,28,23,13,7,8,6,1
2021-06-02,33,3,20,32,12,3,4,9,3
2021-06-03,19,19,22,22,1,6,0,9,8
2021-06-04,25,12,21,22,18,4,3,6,7
2021-06-05,14,13,18,9,11,3,0,6,3
2021-06-06,11,9,9,9,2,0,0,2,8
2021-06-07,27,34,18,20,11,4,7,12,8
2021-06-08,28,27,14,28,13,7,5,10,11
2021-06-09,33,21,26,18,11,4,5,9,4
2021-06-10,19,23,23,17,10,7,4,5,4
2021-06-11,22,25,14,18,7,4,4,6,9
2021-06-12,16,7,24,8,11,1,0,4,3
2021-06-13,12,4,7,9,1,0,0,2,0
2021-06-14,30,27,28,20,15,7,6,10,11
2021-06-15,27,20,31,27,14,2,4,7,10
2021-06-16,25,28,22,25,14,7,2,5,6
2021-06-17,26,20,23,27,7,5,4,3,10
2021-06-18,23,23,22,19,12,9,5,3,10
2021-06-19,17,18,29,6,8,0,0,5,3
2021-06-20,7,6,11,7,0,0,0,2,7
2021-06-21,29,29,30,26,11,11,3,5,6
2021-06-22,36,14,25,23,9,14,10,6,7
2021-06-23,27,22,28,30,5,7,2,8,15
2021-06-24,24,18,19,15,12,4,5,6,7
2021-06-25,26,20,17,22,11,0,5,6,15
2021-06-26,20,11,23,11,10,0,0,4,9
2021-06-27,6,11,8,7,4,4,0,2,5
2021-06-28,30,15,31,22,14,7,5,10,10
2021-06-29,31,23,17,27,10,9,3,4,9
2021-06-30,24,23,30,30,9,9,5,6,7
2021-07-01,33,15,26,16,17,5,9,7,14
2021-07-02,33,9,30,24,7,10,9,6,12
2021-07-03,18,15,18,8,11,4,0,5,6
2021-07-04,6,6,9,5,2,2,0,3,5
2021-07-05,36,16,23,36,18,11,7,4,17
2021-07-06,30,20,27,17,12,7,7,8,9
2021-07-07,32,19,21,26,9,4,3,6,11
2021-07-08,25,22,19,19,11,9,5,11,7
2021-07-09,26,20,17,23,11,7,5,6,12
2021-07-10,16,14,26,12,9,1,0,3,3
2021-07-11,11,11,8,3,2,3,0,5,4
2021-07-12,31,32,20,29,8,6,6,4,13
2021-07-13,35,23,22,24,11,6,4,10,12
2021-07-14,36,22,19,19,12,3,4,8,10
2021-07-15,31,26,33,14,12,7,1,3,8
2021-07-16,31,23,26,7,11,6,2,6,10
2021-07-17,22,18,18,6,6,3,0,3,6
2021-07-18,11,7,7,8,3,1,0,0,4
2021-07-19,30,26,23,20,16,9,5,14,10
2021-07-20,34,21,28,26,9,5,6,8,5
2021-07-21,27,23,23,18,13,8,5,4,9
2021-07-22,30,22,22,11,11,2,4,6,9
2021-07-23,25,23,23,15,10,3,2,10,1
2021-07-24,21,15,18,12,8,3,0,5,8
2021-07-25,11,8,6,5,0,0,1,1,2
2021-07-26,27,18,21,16,13,5,2,8,10
2021-07-27,24,20,21,16,10,7,5,13,8
2021-07-28,31,23,20,15,9,7,8,8,3
2021-07-29,23,24,25,18,12,8,3,13,6
2021-07-30,33,18,11,10,11,8,3,10,12
2021-07-31,19,10,19,12,12,6,0,6,5
2021-08-01,11,4,5,6,1,3,0,1,1
2021-08-02,29,19,26,30,15,7,6,13,10
2021-08-03,39,19,30,15,11,3,6,9,9
2021-08-04,38,21,27,17,14,12,2,10,22
2021-08-05,30,16,18,22,13,5,4,5,9
2021-08-06,32,24,28,19,12,9,1,10,6
2021-08-07,28,9,18,5,10,2,0,10,5
2021-08-08,11,7,3,0,2,0,0,2,2
2021-08-09,32,18,35,17,13,8,4,9,8
2021-08-10,35,16,17,11,12,9,5,6,3
2021-08-11,32,14,34,17,7,10,2,8,10
2021-08-12,22,20,26,18,11,7,6,7,7
2021-08-13,30,13,15,10,4,8,2,5,18
2021-08-14,30,6,11,3,14,1,0,2,6
2021-08-15,11,6,4,6,0,0,0,1,7
2021-08-16,39,14,18,18,9,5,9,7,12
2021-08-17,33,10,27,16,10,11,4,5,7
2021-08-18,29,14,34,25,8,8,5,4,12
2021-08-19,23,15,22,18,11,10,3,6,6
2021-08-20,28,17,31,15,18,3,6,7,10
2021-08-21,14,12,21,8,5,4,0,3,8
2021-08-22,17,4,9,4,0,0,0,2,2
2021-08-23,38,20,25,25,16,5,12,10,12
2021-08-24,32,25,31,15,16,12,2,4,12
2021-08-25,27,29,37,23,7,22,4,10,11
2021-08-26,41,17,19,18,9,13,5,8,14
2021-08-27,29,23,28,22,13,11,4,10,5
2021-08-28,18,21,38,6,7,7,0,10,7
2021-08-29,5,5,5,6,4,2,0,3,6
2021-08-30,39,25,25,18,10,7,10,10,11
2021-08-31,36,25,26,21,14,9,9,9,7
2021-09-01,39,34,25,24,24,4,5,4,15
2021-09-02,26,33,17,23,16,13,2,7,12
2021-09-03,38,18,25,21,8,6,7,9,12
2021-09-04,19,23,21,12,15,5,0,8,4
2021-09-05,15,9,6,8,0,2,0,4,6
2021-09-06,46,42,22,24,10,8,4,12,14
2021-09-07,47,34,32,18,12,10,5,6,11
2021-09-08,37,25,39,19,14,9,4,12,11
2021-09-09,40,20,20,36,16,4,6,17,11
2021-09-10,53,35,28,37,19,7,4,9,7
2021-09-11,29,19,17,9,10,3,1,5,8
2021-09-12,12,7,11,4,4,1,0,3,8
2021-09-13,53,29,23,35,15,15,7,10,8
2021-09-14,38,32,27,30,15,9,8,14,13
2021-09-15,36,33,28,24,9,11,8,11,11
2021-09-16,37,31,29,37,12,7,11,8,12
2021-09-17,47,20,30,26,14,6,7,10,12
2021-09-18,31,14,34,14,11,4,0,4,3
2021-09-19,15,6,9,7,1,7,0,2,2
2021-09-20,51,31,35,26,15,10,2,12,13
2021-09-21,40,27,25,21,17,9,7,9,8
2021-09-22,42,33,31,24,15,6,6,13,16
2021-09-23,36,34,33,24,8,4,4,10,9
2021-09-24,47,26,27,14,15,14,2,11,5
2021-09-25,31,14,31,13,8,3,0,7,4
2021-09-26,21,9,7,6,3,4,0,1,7
2021-09-27,40,26,20,24,10,10,7,8,16
2021-09-28,51,47,32,42,12,17,6,10,11
2021-09-29,41,34,24,24,11,11,7,18,13
2021-09-30,36,33,19,22,10,8,11,17,14
2021-10-01,37,39,24,25,14,7,5,8,10
2021-10-02,34,20,22,6,15,5,0,7,3
2021-10-03,31,9,8,7,3,8,0,5,6
2021-10-04,46,38,31,32,11,9,7,9,14
2021-10-05,64,29,15,27,11,11,4,14,14
2021-10-06,47,26,27,26,9,10,10,18,23
2021-10-07,49,25,21,21,5,10,11,7,12
2021-10-08,52,27,14,19,12,17,6,10,12
2021-10-09,40,18,24,11,15,3,0,9,9
2021-10-10,29,9,4,5,3,2,2,3,13
2021-10-11,58,36,28,23,16,6,7,10,6
2021-10-12,59,28,27,8,17,9,6,9,21
2021-10-13,55,35,18,22,17,10,8,15,8
2021-10-14,75,29,25,18,19,14,11,6,6
2021-10-15,45,26,25,25,15,7,12,7,14
2021-10-16,41,21,18,15,17,5,1,8,4
2021-10-17,21,9,9,6,5,2,0,5,5
2021-10-18,43,45,31,17,22,11,7,15,16
2021-10-19,57,25,27,25,17,7,5,15,13
2021-10-20,56,32,21,25,19,12,6,7,12
2021-10-21,56,30,24,21,15,15,5,11,12
2021-10-22,54,35,24,19,19,7,4,10,12
2021-10-23,47,19,22,11,13,4,1,6,5
2021-10-24,10,4,8,4,3,6,1,1,5
2021-10-25,67,32,27,21,16,11,6,11,5
2021-10-26,63,19,22,20,14,7,1,17,4
2021-10-27,68,25,22,24,12,11,4,11,12
2021-10-28,51,23,25,28,16,10,11,10,10
2021-10-29,60,13,29,21,4,8,7,12,4
2021-10-30,43,22,25,11,13,3,4,4,3
2021-10-31,27,11,5,7,2,6,0,1,5
2021-11-01,65,11,16,9,2,7,1,7,9
2021-11-02,75,23,27,22,23,11,9,10,7
2021-11-03,60,32,27,16,16,14,5,14,10
2021-11-04,65,19,31,20,17,10,8,24,9
2021-11-05,59,23,14,23,17,3,7,2,5
2021-11-06,47,28,24,10,16,1,2,13,9
2021-11-07,28,14,12,5,2,3,1,3,7
2021-11-08,68,23,22,33,16,14,8,13,12
2021-11-09,62,33,29,16,16,13,5,17,9
2021-11-10,70,26,20,23,12,13,4,7,8
2021-11-11,50,29,8,10,2,10,2,4,9
2021-11-12,56,21,19,23,17,10,3,4,9
2021-11-13,53,21,20,8,3,4,2,8,2
2021-11-14,25,15,13,8,0,4,3,3,5
2021-11-15,74,22,30,29,15,13,5,9,16
2021-11-16,65,33,24,25,17,7,3,15,12
2021-11-17,62,19,22,29,14,7,5,12,14
2021-11-18,64,20,26,32,7,11,4,15,10
2021-11-19,46,36,23,18,15,18,3,5,9
2021-11-20,34,19,16,8,16,1,2,14,3
2021-11-21,26,5,5,11,3,3,3,5,2
2021-11-22,67,22,19,22,13,11,2,5,10
2021-11-23,70,22,26,22,11,10,6,15,9
2021-11-24,64,23,23,34,8,11,4,7,8
2021-11-25,56,26,21,20,16,13,10,6,10
2021-11-26,44,13,23,21,15,6,6,8,8
2021-11-27,54,21,22,11,18,4,3,3,3
2021-11-28,21,9,8,11,6,5,3,2,4
2021-11-29,68,26,15,25,18,14,6,15,6
2021-11-30,66,26,19,15,19,7,7,4,8
2021-12-01,48,18,20,23,17,4,5,9,8
2021-12-02,58,16,29,27,9,7,9,10,4
2021-12-03,46,18,22,15,11,11,4,9,13
2021-12-04,40,6,24,11,12,7,6,9,6
2021-12-05,30,8,16,3,2,2,2,1,2
2021-12-06,57,29,32,5,15,9,4,9,8
2021-12-07,59,19,32,11,12,11,5,6,14
2021-12-08,61,14,28,10,15,17,3,10,11
2021-12-09,44,19,39,19,12,10,10,7,3
2021-12-10,60,18,15,16,7,10,2,4,6
2021-12-11,41,8,17,17,15,5,7,9,3
2021-12-12,26,8,9,4,9,3,6,8,2
2021-12-13,64,31,29,21,13,13,11,9,8
2021-12-14,49,24,28,14,11,13,6,9,8
2021-12-15,61,21,19,13,11,10,3,12,5
2021-12-16,58,14,26,16,14,4,8,19,11
2021-12-17,34,20,26,19,13,7,3,12,7
2021-12-18,36,9,20,4,11,0,6,7,3
2021-12-19,20,10,7,6,6,5,2,5,7
2021-12-20,52,22,22,15,6,16,4,7,10
2021-12-21,51,15,18,7,11,9,5,6,8
2021-12-22,33,28,23,18,11,11,2,5,2
2021-12-23,31,22,18,19,9,8,7,11,9
2021-12-24,26,15,16,8,1,0,0,4,7
2021-12-25,13,2,6,1,2,1,1,2,1
2021-12-26,18,3,11,6,2,4,2,3,6
2021-12-27,47,16,33,30,6,11,0,15,17
2021-12-28,62,28,21,20,12,8,2,10,13
2021-12-29,59,20,25,20,13,11,8,12,13
2021-12-30,63,22,27,23,7,9,3,14,5
2021-12-31,24,15,15,5,10,2,2,3,8
2022-01-01,17,1,8,2,1,1,2,3,1
2022-01-02,19,6,11,7,2,7,1,5,8
2022-01-03,64,23,31,23,11,14,7,14,13
2022-01-04,52,17,40,16,8,9,7,13,12
2022-01-05,89,21,39,15,14,2,13,13,9
2022-01-06,49,11,43,5,5,4,3,9,11
2022-01-07,75,38,25,13,15,6,12,17,9
2022-01-08,61,15,30,17,8,4,11,7,6
2022-01-09,21,14,13,4,6,2,5,2,5
2022-01-10,68,30,20,26,7,6,8,9,11
2022-01-11,82,19,22,28,14,9,8,16,10
2022-01-12,69,30,18,31,18,8,5,15,6
2022-01-13,54,21,22,28,13,8,4,12,8
2022-01-14,71,34,28,23,13,8,7,10,7
2022-01-15,53,18,38,14,14,9,4,6,8
2022-01-16,34,8,10,10,9,2,3,3,5
2022-01-17,78,30,31,20,22,11,12,12,5
2022-01-18,70,21,40,21,17,18,7,13,6
2022-01-19,56,26,23,29,18,11,4,12,5
2022-01-20,41,27,32,22,17,7,8,17,10
2022-01-21,59,17,19,23,12,11,10,9,10
2022-01-22,53,21,24,21,6,8,9,3,2
2022-01-23,20,16,14,9,5,5,1,8,3
2022-01-24,76,31,34,32,23,11,8,12,13
2022-01-25,69,25,35,29,21,6,12,10,6
2022-01-26,54,26,31,17,14,9,8,8,14
2022-01-27,48,35,25,20,14,14,7,8,8
2022-01-28,52,26,28,25,16,12,4,7,3
2022-01-29,56,26,36,17,17,8,4,4,11
2022-01-30,30,16,14,14,6,5,4,2,4
2022-01-31,77,29,28,31,13,15,10,13,9
2022-02-01,56,34,30,25,28,8,8,13,9
2022-02-02,54,31,35,27,29,13,7,5,8
2022-02-03,50,32,25,29,23,5,7,10,8
2022-02-04,64,29,22,23,14,16,4,14,7
2022-02-05,43,18,21,9,13,5,8,7,7
2022-02-06,21,17,7,7,8,5,5,9,5
2022-02-07,74,44,34,28,21,10,11,11,8
2022-02-08,64,24,35,26,15,6,15,4,6
2022-02-09,58,28,43,20,16,8,8,8,10
2022-02-10,72,21,28,28,22,5,7,10,8
2022-02-11,54,26,32,16,19,7,5,8,2
2022-02-12,48,20,15,8,15,4,3,7,4
2022-02-13,31,18,10,12,5,5,2,3,5
2022-02-14,58,31,27,23,16,14,14,11,7
2022-02-15,47,26,39,19,19,14,5,10,6
2022-02-16,58,41,37,30,20,8,14,14,9
2022-02-17,55,21,31,26,14,12,2,16,6
2022-02-18,69,24,26,18,11,6,8,13,1
2022-02-19,54,24,21,11,18,5,5,5,2
2022-02-20,34,9,10,7,11,8,3,3,4
2022-02-21,67,28,21,24,15,8,12,7,12
2022-02-22,63,29,30,22,18,7,7,6,7
2022-02-23,61,34,31,29,12,9,7,11,9
2022-02-24,54,15,18,20,13,6,8,8,13
2022-02-25,52,16,28,18,7,7,6,9,5
2022-02-26,42,18,20,9,8,3,6,3,2
2022-02-27,26,7,6,7,7,2,2,3,2
2022-02-28,63,34,41,23,15,8,7,7,5
2022-03-01,70,20,33,21,16,8,6,11,7
2022-03-02,48,26,32,14,18,5,4,4,4
2022-03-03,59,23,28,15,14,10,9,10,10
2022-03-04,55,29,28,12,19,5,11,9,5
2022-03-05,39,23,26,15,12,1,3,3,4
2022-03-06,28,16,12,10,6,3,3,2,4
2022-03-07,48,30,34,22,19,5,11,9,7
2022-03-08,34,29,23,19,16,9,5,5,14
2022-03-09,51,19,29,15,15,10,11,7,6
2022-03-10,45,32,31,15,13,7,7,10,6
2022-03-11,38,26,22,13,13,7,6,12,4
2022-03-12,34,14,24,15,8,4,3,2,5
2022-03-13,21,7,14,8,9,3,2,6,3
2022-03-14,50,29,32,19,23,15,6,4,4
2022-03-15,62,15,26,19,17,11,7,10,5
2022-03-16,46,25,23,16,18,9,7,9,6
2022-03-17,48,20,22,28,17,11,4,11,6
2022-03-18,47,27,23,19,18,11,5,7,4
2022-03-19,35,20,15,11,12,4,2,9,5
2022-03-20,21,9,11,7,5,6,1,2,2
2022-03-21,41,29,36,25,12,15,14,7,11
2022-03-22,46,22,20,26,17,11,12,4,11
2022-03-23,52,19,16,19,23,9,8,3,9
2022-03-24,59,24,22,21,25,8,5,10,5
2022-03-25,46,16,23,21,19,6,6,9,6
2022-03-26,46,11,26,13,11,8,4,3,5
2022-03-27,20,12,11,8,11,1,1,4,5
2022-03-28,52,28,30,21,17,9,11,6,8
2022-03-29,53,22,25,21,19,14,7,2,5
2022-03-30,49,24,26,23,11,10,14,3,6
2022-03-31,47,35,18,34,16,11,8,10,8
2022-04-01,38,33,25,20,14,8,3,8,13
2022-04-02,41,15,17,19,15,6,5,5,8
2022-04-03,18,11,6,12,7,5,4,3,4
2022-04-04,73,39,29,30,18,13,8,13,10
2022-04-05,52,25,22,39,23,13,9,3,4
2022-04-06,48,33,28,27,16,10,7,10,8
2022-04-07,67,29,23,31,25,11,8,7,9
2022-04-08,55,20,24,31,14,9,7,6,10
2022-04-09,46,23,15,20,8,4,4,4,5
2022-04-10,25,9,8,9,12,4,2,5,9
2022-04-11,58,37,30,24,24,13,7,9,7
2022-04-12,52,27,36,24,19,6,7,15,9
2022-04-13,48,21,34,17,19,7,4,9,6
2022-04-14,53,18,30,14,20,13,4,8,4
2022-04-15,25,27,27,13,21,6,8,8,4
2022-04-16,38,18,10,12,6,8,7,3,3
2022-04-17,20,3,4,8,4,4,1,4,1
2022-04-18,27,11,15,18,7,8,1,6,4
2022-04-19,49,40,32,27,23,9,13,9,7
2022-04-20,46,28,26,16,11,8,8,9,9
2022-04-21,58,25,35,34,23,6,9,12,9
2022-04-22,51,22,31,29,20,10,4,13,8
2022-04-23,42,19,17,18,12,3,5,5,3
2022-04-24,27,3,7,9,11,11,5,2,1
2022-04-25,76,11,38,23,23,10,16,8,7
2022-04-26,74,40,35,13,20,13,6,11,10
2022-04-27,61,33,34,35,14,5,10,14,4
2022-04-28,47,20,22,26,16,4,7,10,6
2022-04-29,56,35,20,38,19,16,12,9,6
2022-04-30,44,19,20,25,15,3,5,8,4
2022-05-01,21,9,16,7,4,6,4,6,3
2022-05-02,57,36,33,15,20,12,9,11,8
2022-05-03,54,28,36,28,2,14,7,10,9
2022-05-04,64,41,46,23,28,7,9,7,9
2022-05-05,55,31,45,32,17,6,8,10,3
2022-05-06,59,25,30,27,24,9,6,12,7
2022-05-07,45,12,16,17,8,3,3,4,6
2022-05-08,33,9,18,12,10,8,2,4,2
2022-05-09,70,37,39,32,17,11,12,20,5
2022-05-10,72,26,42,45,20,3,10,12,6
2022-05-11,62,28,32,34,24,7,10,14,2
2022-05-12,67,29,32,31,19,12,4,7,12
2022-05-13,60,26,40,39,12,5,7,12,10
2022-05-14,36,24,39,17,10,5,3,3,5
2022-05-15,41,5,15,9,3,5,2,4,5
2022-05-16,65,39,43,32,19,11,12,11,12
2022-05-17,63,30,44,28,20,5,6,15,8
2022-05-18,59,34,43,38,16,5,8,10,11
2022-05-19,61,28,21,19,16,10,10,8,6
2022-05-20,54,33,42,34,25,11,4,10,4
2022-05-21,36,16,34,14,14,5,3,7,1
2022-05-22,19,9,8,9,10,2,5,5,2
2022-05-23,69,40,33,30,26,9,9,10,8
2022-05-24,60,37,31,31,22,10,10,18,12
2022-05-25,40,24,30,41,22,10,9,11,12
2022-05-26,33,34,22,34,21,8,3,6,5
2022-05-27,71,28,32,31,21,7,5,10,10
2022-05-28,37,18,16,20,11,3,3,11,3
2022-05-29,35,17,8,11,15,6,1,5,2
2022-05-30,64,27,45,32,17,17,7,9,12
2022-05-31,64,37,46,28,22,10,10,9,9
2022-06-01,61,41,40,42,16,7,13,12,9
2022-06-02,58,13,37,28,13,4,13,12,9
2022-06-03,45,28,30,22,17,10,9,8,2
2022-06-04,28,26,17,24,13,3,1,6,0
2022-06-05,21,4,14,17,14,4,0,3,3
2022-06-06,18,39,34,22,30,2,0,4,3
2022-06-07,79,39,32,29,24,5,14,11,2
2022-06-08,66,34,35,21,28,14,12,19,7
2022-06-09,79,51,41,39,18,8,8,16,4
2022-06-10,47,42,38,27,19,9,15,6,5
2022-06-11,48,26,22,21,10,6,6,11,5
2022-06-12,27,23,14,5,14,4,4,2,6
2022-06-13,76,37,47,29,21,9,8,12,6
2022-06-14,66,33,42,35,18,6,6,17,5
2022-06-15,64,36,38,34,19,6,10,18,3
2022-06-16,48,44,39,29,7,6,1,15,10
2022-06-17,62,35,43,28,15,7,6,10,5
2022-06-18,39,16,35,17,7,3,2,6,0
2022-06-19,35,15,13,11,8,3,5,4,5
2022-06-20,77,43,44,34,14,4,9,18,6
2022-06-21,70,28,38,36,23,7,4,10,7
2022-06-22,64,43,35,38,17,10,9,11,4
2022-06-23,63,45,41,32,16,7,7,14,5
2022-06-24,57,37,31,23,20,0,12,11,5
2022-06-25,47,30,21,16,12,2,4,5,4
2022-06-26,32,15,8,16,7,2,0,7,3
2022-06-27,75,34,34,43,20,8,7,14,7
2022-06-28,72,39,34,15,11,11,5,10,6
2022-06-29,85,25,28,31,12,10,14,16,8
2022-06-30,59,28,39,33,14,8,6,13,4
2022-07-01,66,32,21,35,7,10,10,15,2
2022-07-02,47,33,22,14,6,2,10,9,3
2022-07-03,36,21,17,14,5,4,2,3,4
2022-07-04,89,44,34,33,16,5,9,17,2
2022-07-05,68,37,46,33,28,10,8,12,5
2022-07-06,59,45,37,41,16,7,4,12,8
2022-07-07,73,51,35,37,15,6,16,17,8
2022-07-08,65,42,26,24,14,16,10,11,6
2022-07-09,51,26,21,22,10,2,0,8,1
2022-07-10,39,11,12,18,9,5,1,6,1
2022-07-11,80,39,32,26,18,7,3,15,4
2022-07-12,52,39,30,35,21,5,10,6,1
2022-07-13,84,46,23,42,21,6,17,14,8
2022-07-14,60,36,8,28,17,9,8,7,2
2022-07-15,51,26,31,31,19,6,7,13,5
2022-07-16,50,25,19,15,11,1,3,3,2
2022-07-17,34,15,8,8,4,2,1,5,1
2022-07-18,66,41,36,29,21,5,11,13,2
2022-07-19,61,43,32,31,24,9,11,12,5
2022-07-20,54,32,35,36,13,7,9,9,3
2022-07-21,65,40,30,31,23,5,9,4,6
2022-07-22,57,33,36,35,18,8,10,14,7
2022-07-23,44,29,22,21,7,4,4,4,2
2022-07-24,33,13,12,13,2,2,1,1,2
2022-07-25,79,35,29,27,24,6,6,19,8
2022-07-26,71,43,33,31,14,3,5,13,3
2022-07-27,74,40,30,39,19,9,5,13,7
2022-07-28,69,29,32,24,20,6,4,13,6
2022-07-29,76,25,23,35,11,8,6,12,6
2022-07-30,45,20,22,14,9,4,3,6,2
2022-07-31,40,12,6,12,7,1,5,6,1
2022-08-01,76,29,29,29,20,9,6,8,5
2022-08-02,80,29,33,36,17,8,10,17,5
2022-08-03,81,22,45,26,28,5,5,9,7
2022-08-04,86,31,27,27,14,5,7,9,4
2022-08-05,86,29,37,30,16,6,3,9,5
2022-08-06,43,21,22,10,9,5,3,6,10
2022-08-07,40,15,6,10,11,8,2,6,3
2022-08-08,89,22,25,22,17,12,4,13,4
2022-08-09,82,22,42,39,19,7,9,14,4
2022-08-10,77,20,37,23,18,5,11,11,7
2022-08-11,71,26,26,23,18,6,3,14,3
2022-08-12,73,30,30,27,15,6,1,11,9
2022-08-13,46,12,15,16,11,3,6,7,2
2022-08-14,28,10,7,8,7,4,2,4,3
2022-08-15,98,10,13,14,11,7,1,0,0
2022-08-16,84,15,25,26,17,11,8,15,3
2022-08-17,78,16,26,26,29,9,4,11,1
2022-08-18,76,13,31,18,18,9,5,12,4
2022-08-19,67,23,35,20,12,9,12,18,7
2022-08-20,46,11,23,13,5,2,4,13,3
2022-08-21,33,9,7,8,5,4,1,0,0
2022-08-22,84,28,34,19,14,19,8,12,4
2022-08-23,66,26,44,32,15,7,8,5,4
2022-08-24,85,21,37,34,22,10,5,11,4
2022-08-25,69,31,38,21,12,14,5,14,2
2022-08-26,70,30,39,26,15,13,3,16,4
2022-08-27,47,21,22,13,9,4,6,5,3
2022-08-28,35,15,11,14,3,2,2,5,3
2022-08-29,69,39,40,26,17,10,8,12,8
2022-08-30,78,32,47,30,20,13,5,14,4
2022-08-31,71,44,35,23,10,14,8,11,3
2022-09-01,66,29,39,27,17,5,4,4,5
2022-09-02,77,37,48,25,12,14,8,10,4
2022-09-03,48,18,40,11,4,3,3,7,3
2022-09-04,39,10,12,14,7,6,4,3,0
2022-09-05,85,47,49,32,17,10,5,19,3
2022-09-06,75,38,29,33,14,5,10,22,5
2022-09-07,81,31,39,29,19,9,8,10,8
2022-09-08,67,39,24,30,19,11,4,9,7
2022-09-09,66,38,31,33,18,7,10,12,3
2022-09-10,51,18,31,11,5,3,2,9,2
2022-09-11,31,10,14,9,7,2,5,2,4
2022-09-12,91,43,33,34,13,9,8,14,7
2022-09-13,78,31,33,44,18,7,7,10,4
2022-09-14,86,35,42,50,23,10,5,8,7
2022-09-15,62,40,28,27,22,5,7,17,5
2022-09-16,75,28,38,34,15,12,9,12,7
2022-09-17,47,17,29,10,13,4,2,6,1
2022-09-18,34,11,14,8,3,5,1,5,4
2022-09-19,95,48,39,28,21,10,12,12,7
2022-09-20,86,23,46,26,21,10,7,16,7
2022-09-21,66,33,35,34,21,9,3,13,6
2022-09-22,85,36,42,42,14,4,6,12,3
2022-09-23,66,34,40,31,12,7,4,14,1
2022-09-24,69,32,24,19,17,7,4,3,0
2022-09-25,36,14,25,15,6,3,1,3,0
2022-09-26,97,46,50,31,8,11,7,8,4
2022-09-27,76,53,42,44,11,3,15,17,6
2022-09-28,88,40,44,38,9,8,9,12,11
2022-09-29,65,34,44,31,15,6,7,6,2
2022-09-30,100,40,38,37,15,3,3,13,5
2022-10-01,52,21,36,19,11,2,4,7,5
2022-10-02,30,9,15,8,3,5,3,5,2
2022-10-03,36,49,48,35,20,8,6,7,4
2022-10-04,58,28,40,41,14,8,6,15,3
2022-10-05,63,36,41,28,18,8,8,9,5
2022-10-06,91,41,33,32,17,5,10,10,5
2022-10-07,64,38,42,45,13,18,7,10,3
2022-10-08,43,15,34,16,8,3,2,3,5
2022-10-09,29,11,14,13,5,7,1,2,1
2022-10-10,70,45,41,29,16,6,5,10,6
2022-10-11,81,35,53,31,21,7,11,9,3
2022-10-12,62,46,47,26,21,10,6,8,5
2022-10-13,72,36,41,26,11,12,6,9,1
2022-10-14,69,25,33,40,17,9,5,6,1
2022-10-15,47,24,23,20,12,5,4,5,3
2022-10-16,32,10,22,14,2,9,1,4,1
2022-10-17,75,47,52,27,18,8,11,7,7
2022-10-18,78,43,47,26,16,10,8,8,9
2022-10-19,68,33,46,34,14,14,11,9,2
2022-10-20,69,36,29,31,12,6,3,9,6
2022-10-21,81,17,37,39,9,9,5,4,6
2022-10-22,53,17,31,24,9,2,5,2,2
2022-10-23,33,8,6,11,6,4,4,3,0
2022-10-24,71,31,37,36,8,6,8,6,3
2022-10-25,62,31,37,31,16,7,2,12,2
2022-10-26,63,34,35,30,22,9,4,7,4
2022-10-27,59,25,39,36,11,11,7,8,8
2022-10-28,76,21,31,19,10,5,5,13,2
2022-10-29,53,12,32,18,13,6,2,6,3
2022-10-30,29,8,10,9,4,2,1,3,1
2022-10-31,66,38,31,26,25,9,10,12,8
2022-11-01,66,8,31,14,1,10,2,6,5
2022-11-02,67,40,33,27,18,15,8,12,3
2022-11-03,69,29,29,41,10,6,11,13,2
2022-11-04,71,29,33,36,12,6,7,9,2
2022-11-05,55,21,24,14,17,5,1,6,1
2022-11-06,30,11,15,9,2,4,2,10,3
2022-11-07,82,25,37,34,12,14,11,10,6
2022-11-08,88,32,41,38,10,9,5,9,5
2022-11-09,73,34,30,32,10,13,7,14,4
2022-11-10,60,30,45,34,15,4,12,11,2
2022-11-11,64,20,21,34,4,12,3,5,3
2022-11-12,49,15,37,14,12,5,3,7,3
2022-11-13,24,6,18,12,1,7,3,4,0
2022-11-14,62,34,40,35,18,9,8,12,5
2022-11-15,57,42,25,31,18,6,5,14,5
2022-11-16,63,33,48,43,15,12,5,12,2
2022-11-17,55,28,29,29,10,9,8,8,1
2022-11-18,69,27,29,25,9,6,5,12,3
2022-11-19,56,20,20,21,15,4,2,12,1
2022-11-20,28,11,20,5,1,1,3,6,1
2022-11-21,76,33,41,34,11,7,6,15,6
2022-11-22,70,20,43,29,14,10,4,19,4
2022-11-23,65,29,36,42,15,5,6,10,7
2022-11-24,58,35,43,42,11,11,6,13,3
2022-11-25,65,19,40,38,15,6,10,8,2
2022-11-26,32,31,26,16,9,2,7,6,2
2022-11-27,27,6,18,13,1,1,1,0,2
2022-11-28,76,38,42,29,5,7,3,12,4
2022-11-29,79,30,40,25,12,3,8,10,1
2022-11-30,80,29,32,31,11,8,16,16,0
2022-12-01,57,29,37,37,10,6,4,8,0
2022-12-02,57,21,37,25,6,8,8,12,5
2022-12-03,45,14,28,12,17,5,4,5,2
2022-12-04,33,8,9,11,0,4,4,3,4
2022-12-05,76,25,33,40,13,3,4,20,1
2022-12-06,77,25,33,19,8,8,2,10,2
2022-12-07,53,26,31,43,12,5,8,16,3
2022-12-08,66,11,36,25,8,8,5,13,6
2022-12-09,64,22,37,34,12,4,5,12,2
2022-12-10,38,13,26,17,13,4,2,4,3
2022-12-11,39,5,16,17,4,4,2,3,1
2022-12-12,78,39,35,36,8,15,8,15,2
2022-12-13,74,31,25,32,8,5,6,8,1
2022-12-14,60,38,28,39,7,5,5,9,1
2022-12-15,63,21,26,26,11,7,7,13,2
2022-12-16,68,28,29,31,7,6,6,4,8
2022-12-17,49,17,20,17,10,6,1,1,0
2022-12-18,32,7,10,9,0,4,2,2,0
2022-12-19,63,33,30,36,6,4,6,4,4
2022-12-20,61,24,27,36,4,4,5,6,4
2022-12-21,61,24,29,29,6,8,4,10,4
2022-12-22,49,21,29,27,10,4,10,6,1
2022-12-23,53,20,39,22,9,4,6,7,4
2022-12-24,26,8,20,3,2,0,0,4,2
2022-12-25,25,2,7,5,1,0,0,3,1
2022-12-26,25,7,35,19,1,4,1,10,4
2022-12-27,64,26,43,22,18,9,3,11,2
2022-12-28,74,39,52,41,19,9,6,13,4
2022-12-29,80,25,38,35,18,4,6,13,4
2022-12-30,85,16,39,28,13,8,6,11,1
2022-12-31,31,8,22,6,5,0,4,6,0
2023-01-01,34,10,16,4,3,0,3,6,1
2023-01-02,90,30,39,38,16,9,8,12,6
2023-01-03,87,36,47,35,17,8,12,16,7
2023-01-04,88,29,38,49,12,9,11,17,5
2023-01-05,70,40,41,33,12,10,6,15,8
2023-01-06,86,19,36,7,6,4,5,12,5
2023-01-07,60,14,28,15,15,3,6,8,1
2023-01-08,38,10,11,10,3,4,5,5,2
2023-01-09,85,30,43,46,26,13,8,9,6
2023-01-10,90,31,39,41,20,10,7,10,5
2023-01-11,76,43,34,49,20,9,6,14,2
2023-01-12,60,28,38,36,16,12,8,9,5
2023-01-13,67,43,33,37,16,10,8,13,7
2023-01-14,50,32,37,27,15,9,3,5,3
2023-01-15,35,7,14,12,3,2,2,4,0
2023-01-16,91,41,50,52,16,8,11,15,5
2023-01-17,81,43,34,51,15,9,6,14,7
2023-01-18,84,38,35,37,12,11,12,10,5
2023-01-19,71,46,41,36,11,12,10,8,2
2023-01-20,75,41,39,39,18,13,4,4,4
2023-01-21,71,32,31,33,15,6,6,3,3
2023-01-22,29,9,13,16,4,4,2,2,0
2023-01-23,90,37,42,47,16,11,12,17,2
2023-01-24,99,38,45,48,13,10,7,8,1
2023-01-25,68,39,47,47,22,10,6,11,4
2023-01-26,65,34,39,45,14,5,7,12,4
2023-01-27,60,34,37,41,23,9,6,16,2
2023-01-28,50,25,39,31,16,5,1,13,4
2023-01-29,43,10,17,9,10,2,3,4,2
2023-01-30,83,38,47,42,12,7,12,12,5
2023-01-31,74,44,39,63,14,17,10,16,4
2023-02-01,75,36,40,41,18,11,17,15,5
2023-02-02,85,49,38,33,14,5,9,11,7
2023-02-03,58,25,42,47,17,9,5,14,2
2023-02-04,51,29,29,29,10,2,8,6,3
2023-02-05,37,10,13,17,2,6,0,3,3
2023-02-06,60,51,46,41,15,12,9,19,6
2023-02-07,73,37,46,34,13,7,8,14,5
2023-02-08,68,37,29,39,19,13,6,9,5
2023-02-09,72,27,36,56,20,4,5,12,4
2023-02-10,68,38,35,48,24,13,11,6,2
2023-02-11,51,26,23,36,14,5,10,6,4
2023-02-12,23,4,16,9,3,2,5,2,2
2023-02-13,74,35,49,35,18,5,6,14,11
2023-02-14,67,34,28,54,17,11,11,6,3
2023-02-15,60,43,34,38,19,12,9,11,11
2023-02-16,70,40,34,40,20,7,0,13,5
2023-02-17,43,35,20,31,14,8,9,10,5
2023-02-18,51,30,27,31,17,8,7,2,5
2023-02-19,36,13,14,9,3,4,2,5,0
2023-02-20,49,48,40,49,17,12,5,6,6
2023-02-21,60,41,34,48,20,8,7,7,5
2023-02-22,62,29,28,42,13,14,6,8,5
2023-02-23,63,35,26,34,14,6,7,11,5
2023-02-24,60,31,25,40,11,6,6,13,5
2023-02-25,44,33,21,32,14,5,0,11,6
2023-02-26,27,11,14,13,6,8,1,3,0
2023-02-27,56,45,38,31,20,7,9,11,6
2023-02-28,63,65,38,38,19,4,8,14,7
2023-03-01,62,43,34,48,20,9,9,8,6
2023-03-02,65,46,28,44,14,11,10,10,5
2023-03-03,55,32,26,35,10,7,7,13,4
2023-03-04,38,31,22,31,18,6,2,9,2
2023-03-05,36,16,9,11,4,4,3,6,0
2023-03-06,66,35,25,40,12,4,9,4,7
2023-03-07,55,45,39,29,17,9,7,14,4
2023-03-08,47,44,23,42,15,9,11,9,6
2023-03-09,18,35,31,40,14,4,3,9,8
2023-03-10,30,46,29,45,20,5,5,9,8
2023-03-11,16,28,20,37,18,3,2,7,4
2023-03-12,1,10,8,7,5,4,0,6,2
2023-03-13,46,45,21,41,11,2,11,4,3
2023-03-14,53,43,26,36,14,3,8,12,6
2023-03-15,54,45,17,32,16,3,9,5,1
2023-03-16,50,32,35,29,10,4,11,10,2
2023-03-17,48,42,35,35,11,7,6,8,9
2023-03-18,16,27,14,26,20,2,2,6,0
2023-03-19,0,12,1,8,3,9,0,3,0
2023-03-20,77,44,35,27,12,5,12,11,4
2023-03-21,80,30,38,32,14,4,13,13,4
2023-03-22,60,48,28,43,15,7,7,8,8
2023-03-23,55,41,21,42,13,5,6,9,3
2023-03-24,41,38,21,35,9,4,4,9,5
2023-03-25,9,26,15,18,16,1,0,6,0
2023-03-26,1,17,1,12,3,4,0,3,0
2023-03-27,76,46,32,36,19,3,17,10,13
2023-03-28,46,44,18,28,16,7,10,9,10
2023-03-29,67,33,26,31,6,8,8,8,9
2023-03-30,61,39,31,35,11,4,9,12,2
2023-03-31,52,45,19,36,8,6,7,8,5
2023-04-01,16,36,15,20,12,0,0,4,2
2023-04-02,0,11,1,13,1,2,0,3,0
2023-04-03,61,35,25,28,10,6,8,11,9
2023-04-04,57,42,25,26,12,3,7,15,4
2023-04-05,58,43,22,23,10,3,8,17,6
2023-04-06,47,30,10,16,0,6,8,7,3
2023-04-07,0,43,28,11,6,12,2,10,4
2023-04-08,24,15,12,13,5,7,0,9,6
2023-04-09,0,7,0,7,3,2,0,2,0
2023-04-10,0,9,11,29,3,4,0,4,9
2023-04-11,73,42,41,14,8,10,9,11,8
2023-04-12,74,26,31,19,11,6,6,7,7
2023-04-13,67,32,45,32,5,7,9,16,4
2023-04-14,59,33,37,32,9,8,4,11,9
2023-04-15,26,23,21,25,13,3,1,8,2
2023-04-16,0,4,1,0,0,6,0,5,0
2023-04-17,72,35,36,37,12,4,12,8,8
2023-04-18,63,50,29,34,13,8,6,9,10
2023-04-19,65,57,31,37,5,4,8,13,6
2023-04-20,78,26,33,38,8,6,8,11,6
2023-04-21,74,29,21,36,12,4,4,13,6
2023-04-22,21,8,14,15,13,4,0,10,2
2023-04-23,0,3,0,1,0,4,0,1,0
2023-04-24,78,44,40,45,6,9,7,10,10
2023-04-25,79,2,36,30,11,8,5,9,3
2023-04-26,73,50,36,23,9,7,6,2,7
2023-04-27,51,37,30,33,8,5,4,6,0
2023-04-28,66,40,31,23,4,7,4,10,6
2023-04-29,16,22,9,18,7,2,0,7,4
2023-04-30,0,2,0,0,0,3,0,1,1
2023-05-01,0,0,1,5,0,4,0,2,6
2023-05-02,75,40,43,20,4,11,8,18,3
2023-05-03,83,45,30,41,0,9,5,13,8
2023-05-04,53,34,19,47,12,1,4,10,4
2023-05-05,67,48,20,36,10,7,8,16,5
2023-05-06,20,19,13,16,7,2,1,4,3
2023-05-07,0,2,0,1,0,3,0,3,0
2023-05-08,93,65,18,47,12,5,8,11,6
2023-05-09,64,31,32,44,10,6,8,9,6
2023-05-10,54,52,34,29,11,3,2,12,4
2023-05-11,61,46,20,38,10,2,4,14,8
2023-05-12,59,47,30,28,7,7,4,16,6
2023-05-13,14,32,11,21,15,1,1,4,3
2023-05-14,0,2,0,0,0,2,0,0,1
2023-05-15,88,47,33,35,6,2,13,21,8
2023-05-16,52,44,36,41,15,7,4,7,5
2023-05-17,54,58,24,40,4,9,7,12,2
2023-05-18,0,50,19,37,8,1,0,0,1
2023-05-19,77,41,24,27,7,4,9,5,6
2023-05-20,8,17,11,20,3,1,0,0,2
2023-05-21,0,1,0,4,0,0,0,0,0
2023-05-22,73,50,33,44,7,8,11,18,12
2023-05-23,79,46,23,29,6,4,4,14,4
2023-05-24,52,43,33,38,5,10,4,15,6
2023-05-25,51,53,26,32,4,9,5,6,9
2023-05-26,46,37,25,32,4,9,4,14,10
2023-05-27,12,22,12,23,9,1,0,3,1
2023-05-28,0,0,0,0,1,2,0,0,1
2023-05-29,0,52,26,39,10,5,0,0,1
2023-05-30,91,44,30,32,6,5,4,21,6
2023-05-31,59,55,32,32,8,3,4,14,11
2023-06-01,52,31,34,39,4,3,5,7,4
2023-06-02,43,5,32,30,7,10,1,11,2
2023-06-03,17,37,13,19,8,0,0,0,3
2023-06-04,0,6,2,0,0,4,0,0,0
2023-06-05,67,52,32,35,5,2,4,13,3
2023-06-06,57,49,27,27,9,1,5,10,3
2023-06-07,67,39,24,32,8,3,4,10,9
2023-06-08,60,35,31,27,0,6,0,13,8
2023-06-09,44,35,33,41,9,5,1,9,6
2023-06-10,15,23,15,16,4,5,0,0,5
2023-06-11,0,3,1,0,0,3,1,0,0
2023-06-12,76,38,38,37,6,4,12,16,5
2023-06-13,70,55,22,36,6,5,8,10,10
2023-06-14,48,32,31,32,6,3,9,11,5
2023-06-15,56,39,27,30,6,7,7,10,2
2023-06-16,50,26,25,30,4,8,3,13,2
2023-06-17,20,16,13,13,4,2,1,0,1
2023-06-18,0,8,0,0,0,3,0,0,0
2023-06-19,48,44,43,36,4,6,10,21,7
2023-06-20,72,43,33,41,5,6,6,21,11
2023-06-21,41,43,29,44,5,4,4,8,10
2023-06-22,57,43,34,34,6,7,4,12,7
2023-06-23,53,33,27,30,8,0,3,10,7
2023-06-24,23,16,14,12,7,0,0,0,0
2023-06-25,0,3,1,0,0,3,0,0,0
2023-06-26,65,50,47,41,7,8,11,17,5
2023-06-27,62,45,43,41,7,3,11,15,4
2023-06-28,46,46,26,43,4,2,8,7,4
2023-06-29,46,36,23,25,0,5,12,9,8
2023-06-30,45,35,28,35,9,8,3,6,7
2023-07-01,34,13,13,14,4,3,1,1,1
2023-07-02,0,1,0,0,0,4,0,0,0
2023-07-03,63,49,34,49,7,6,10,19,10
2023-07-04,96,39,30,25,8,8,10,5,5
2023-07-05,47,40,22,36,12,2,6,10,9
2023-07-06,54,46,36,48,2,2,8,2,4
2023-07-07,70,34,19,32,4,4,8,10,5
2023-07-08,19,21,18,16,6,3,1,0,0
2023-07-09,0,0,0,0,0,1,0,0,0
2023-07-10,60,45,43,50,4,2,10,12,10
2023-07-11,64,42,22,36,9,1,8,16,6
2023-07-12,59,44,33,50,5,5,8,8,0
2023-07-13,61,34,44,38,12,3,8,8,3
2023-07-14,54,31,10,34,4,5,5,6,2
2023-07-15,24,17,17,15,2,2,0,0,0
2023-07-16,1,3,0,0,0,1,0,0,0
2023-07-17,78,44,37,36,8,7,8,22,15
2023-07-18,78,49,26,35,3,1,12,14,6
2023-07-19,67,31,20,35,5,2,12,6,4
2023-07-20,57,48,34,40,7,6,6,10,9
2023-07-21,58,39,28,33,5,2,5,0,2
2023-07-22,14,25,5,9,7,2,2,6,0
2023-07-23,0,3,0,0,0,3,0,0,0
2023-07-24,74,33,28,50,4,4,12,13,10
2023-07-25,93,41,28,35,4,2,2,16,6
2023-07-26,70,41,26,40,6,2,6,10,4
2023-07-27,51,40,27,28,2,4,3,6,9
2023-07-28,40,40,14,24,2,4,4,6,7
2023-07-29,12,21,17,15,14,3,1,1,9
2023-07-30,0,0,0,0,0,4,0,0,1
2023-07-31,80,48,22,43,3,4,9,22,8
2023-08-01,72,39,26,40,8,4,8,10,8
2023-08-02,63,37,22,31,5,2,4,15,4
2023-08-03,62,31,20,34,9,5,7,12,9
2023-08-04,41,32,17,29,8,7,11,9,2
2023-08-05,19,11,17,7,5,2,0,2,2
2023-08-06,0,2,0,0,0,3,0,0,0
2023-08-07,84,45,26,37,12,3,9,14,10
2023-08-08,74,30,24,38,4,4,10,8,7
2023-08-09,68,36,45,30,9,5,4,6,8
2023-08-10,47,47,22,28,10,4,1,8,5
2023-08-11,52,41,31,27,7,5,3,7,8
2023-08-12,32,28,13,10,4,3,1,4,3
2023-08-13,0,3,0,0,0,2,0,0,0
2023-08-14,85,37,26,36,2,5,4,9,8
2023-08-15,70,3,14,0,0,7,0,0,8
2023-08-16,79,25,29,41,11,3,4,11,10
2023-08-17,62,40,37,34,8,3,4,12,4
2023-08-18,77,34,28,31,9,5,5,9,6
2023-08-19,11,16,12,9,9,1,0,7,5
2023-08-20,0,2,1,0,0,4,0,0,0
2023-08-21,100,41,32,42,8,3,9,13,4
2023-08-22,88,32,36,33,10,3,3,12,7
2023-08-23,74,42,21,40,12,2,5,9,3
2023-08-24,59,45,31,40,8,4,4,7,6
2023-08-25,60,51,28,30,5,5,14,9,4
2023-08-26,18,16,23,9,6,3,0,6,4
2023-08-27,0,6,0,0,2,1,0,0,0
2023-08-28,105,51,49,36,12,3,11,10,7
2023-08-29,81,47,41,36,10,3,7,7,4
2023-08-30,92,47,27,42,4,6,8,10,5
2023-08-31,70,53,30,29,10,5,8,10,0
2023-09-01,74,38,19,33,11,3,1,7,8
2023-09-02,16,26,21,2,7,1,0,2,3
2023-09-03,0,3,0,0,0,2,0,0,0
2023-09-04,138,56,32,42,14,4,6,12,9
2023-09-05,85,54,33,45,5,1,10,10,4
2023-09-06,68,40,44,32,9,2,8,4,9
2023-09-07,75,64,36,32,12,2,5,10,6
2023-09-08,77,53,27,38,5,2,2,12,4
2023-09-09,27,30,22,20,9,2,2,9,0
2023-09-10,0,1,0,0,0,0,0,0,0
2023-09-11,106,58,52,40,7,1,14,12,8
2023-09-12,89,49,35,29,12,6,6,7,8
2023-09-13,64,53,26,38,8,4,5,7,4
2023-09-14,91,59,32,28,6,7,3,10,6
2023-09-15,81,40,28,38,8,4,3,14,7
2023-09-16,28,25,19,13,5,4,0,9,0
2023-09-17,4,2,0,0,0,3,0,0,0
2023-09-18,81,47,38,41,6,6,11,6,15
2023-09-19,83,49,36,36,6,3,5,18,8
2023-09-20,72,47,33,39,7,5,5,8,6
2023-09-21,59,54,32,26,10,4,9,10,7
2023-09-22,80,51,22,42,2,1,3,11,10
2023-09-23,29,19,22,17,5,3,1,4,3
2023-09-24,0,2,0,0,0,2,0,0,0
2023-09-25,87,60,34,44,9,3,14,6,10
2023-09-26,73,44,36,43,8,2,9,12,6
2023-09-27,84,61,28,38,6,7,13,1,8
2023-09-28,72,40,22,40,12,3,5,14,8
2023-09-29,70,36,30,35,5,3,5,4,7
2023-09-30,37,29,15,11,7,2,1,10,5
2023-10-01,0,3,0,1,0,0,0,0,0
2023-10-02,77,49,43,42,7,2,12,7,6
2023-10-03,1,35,25,28,10,3,6,12,10
2023-10-04,138,32,26,35,11,2,4,10,11
2023-10-05,68,45,34,30,8,4,10,11,3
2023-10-06,61,36,21,29,5,3,6,11,7
2023-10-07,15,24,10,15,2,3,1,3,2
2023-10-08,0,4,0,2,0,4,0,0,0
2023-10-09,108,43,33,35,7,4,11,6,7
2023-10-10,86,39,32,40,5,5,9,9,12
2023-10-11,64,51,26,24,9,3,2,9,4
2023-10-12,71,45,30,10,4,3,4,8,8
2023-10-13,71,44,27,28,8,4,10,6,4
2023-10-14,29,26,16,15,5,1,2,1,4
2023-10-15,0,2,0,0,0,2,0,0,0
2023-10-16,77,48,43,48,11,4,7,14,11
2023-10-17,72,48,32,40,3,5,10,7,8
2023-10-18,65,58,22,31,5,5,4,13,10
2023-10-19,69,38,24,40,5,8,4,11,5
2023-10-20,58,44,37,31,10,3,5,13,8
2023-10-21,34,22,16,20,8,1,0,7,3
2023-10-22,0,2,0,0,0,2,0,0,1
2023-10-23,91,42,48,34,13,1,11,10,11
2023-10-24,79,52,41,41,7,3,10,17,7
2023-10-25,91,42,30,41,13,3,9,9,5
2023-10-26,70,42,24,36,6,4,0,15,7
2023-10-27,58,37,28,32,7,2,7,4,8
2023-10-28,13,19,13,12,5,4,2,6,6
2023-10-29,0,3,0,0,1,0,0,0,0
2023-10-30,85,53,33,41,3,5,14,12,9
2023-10-31,50,40,43,34,14,5,7,4,10
2023-11-01,91,21,24,7,0,5,0,1,8
2023-11-02,70,33,32,36,9,6,11,11,10
2023-11-03,59,42,34,32,6,3,9,3,7
2023-11-04,50,17,20,17,8,2,1,10,2
2023-11-05,0,3,0,0,0,6,0,0,0
2023-11-06,116,45,57,35,8,3,12,14,7
2023-11-07,79,48,29,29,11,5,6,9,10
2023-11-08,78,51,41,40,6,5,6,9,8
2023-11-09,99,61,19,17,10,3,9,8,8
2023-11-10,88,43,40,25,14,8,7,15,8
2023-11-11,33,18,13,18,0,2,2,0,2
2023-11-12,0,2,0,1,0,1,0,0,0
2023-11-13,119,57,55,30,7,2,17,16,10
2023-11-14,107,46,39,45,7,6,10,13,6
2023-11-15,88,46,25,23,10,3,5,8,6
2023-11-16,77,51,35,42,6,9,7,8,11
2023-11-17,77,42,32,31,7,7,4,16,13
2023-11-18,26,18,20,22,4,2,1,7,5
2023-11-19,0,1,0,1,0,3,0,0,0
2023-11-20,119,41,49,46,11,4,12,13,6
2023-11-21,84,51,34,27,4,5,12,8,7
2023-11-22,103,60,35,39,7,6,3,10,11
2023-11-23,88,29,32,45,8,7,6,19,4
2023-11-24,76,50,35,27,7,1,6,14,8
2023-11-25,23,21,19,22,6,6,0,4,5
2023-11-26,0,0,0,0,0,1,0,0,0
2023-11-27,91,60,38,48,4,6,8,20,8
2023-11-28,92,59,38,35,8,4,9,10,7
2023-11-29,92,46,37,29,4,6,10,5,6
2023-11-30,79,47,36,31,6,4,9,14,6
2023-12-01,77,40,30,22,6,3,7,10,9
2023-12-02,25,16,21,13,9,1,0,5,1
2023-12-03,0,1,0,0,0,1,0,0,0
2023-12-04,95,61,43,35,8,7,13,12,12
2023-12-05,103,50,26,32,8,8,9,8,7
2023-12-06,101,43,41,15,5,6,2,7,12
2023-12-07,83,37,28,19,8,3,8,8,4
2023-12-08,59,5,28,9,7,2,0,7,7
2023-12-09,35,26,19,8,6,3,0,11,7
2023-12-10,0,2,0,1,1,3,0,0,0
2023-12-11,59,67,38,51,5,3,9,17,9
2023-12-12,58,32,33,37,10,5,11,10,6
2023-12-13,83,44,36,38,8,6,4,11,6
2023-12-14,68,38,22,32,7,2,7,12,7
2023-12-15,56,45,17,27,6,4,5,6,9
2023-12-16,31,24,10,18,6,3,1,5,3
2023-12-17,0,1,0,0,0,1,0,0,0
2023-12-18,76,46,42,42,5,6,12,13,7
2023-12-19,65,37,38,27,3,1,9,9,10
2023-12-20,66,50,25,30,3,4,10,9,8
2023-12-21,71,47,23,36,3,3,2,4,3
2023-12-22,76,35,19,26,8,1,8,7,4
2023-12-23,16,19,9,11,4,0,2,8,6
2023-12-24,0,2,0,0,0,0,0,0,0
2023-12-25,0,4,0,0,0,0,0,0,0
2023-12-26,0,0,21,38,0,3,0,8,0
2023-12-27,98,30,35,33,1,5,7,6,16
2023-12-28,61,39,30,35,5,2,8,9,12
2023-12-29,78,29,18,27,10,2,3,9,4
2023-12-30,26,14,8,11,6,1,3,5,2
2023-12-31,0,2,0,0,0,0,0,2,0
2024-01-01,0,0,0,1,0,0,0,0,0
2024-01-02,69,44,49,34,6,4,16,12,12
2024-01-03,74,41,34,38,11,3,13,10,10
2024-01-04,108,45,35,28,7,5,9,10,11
2024-01-05,117,52,25,37,10,5,9,8,9
2024-01-06,35,4,14,0,0,1,0,10,2
2024-01-07,0,0,0,0,0,4,0,0,0
2024-01-08,85,81,53,44,6,6,10,10,10
2024-01-09,78,51,32,28,9,4,8,6,5
2024-01-10,103,65,32,33,12,4,6,15,10
2024-01-11,92,57,21,31,8,7,13,13,8
2024-01-12,83,50,27,40,6,5,5,9,7
2024-01-13,30,15,23,10,7,0,0,6,4
2024-01-14,0,0,0,0,0,1,0,0,0
2024-01-15,58,56,38,34,6,5,7,16,7
2024-01-16,93,57,28,34,6,4,3,10,5
2024-01-17,89,47,29,39,5,11,14,20,6
2024-01-18,75,54,28,25,9,5,10,8,8
2024-01-19,72,59,31,37,5,5,12,4,8
2024-01-20,26,24,15,15,12,2,0,3,2
2024-01-21,0,6,0,0,0,0,0,0,0
2024-01-22,87,65,37,36,7,4,17,13,10
2024-01-23,84,66,33,25,8,3,11,20,11
2024-01-24,81,42,35,35,6,3,5,9,8
2024-01-25,85,54,28,30,10,7,4,7,10
2024-01-26,59,53,29,37,8,5,6,20,5
2024-01-27,26,27,17,9,5,3,1,2,5
2024-01-28,0,0,0,0,0,2,0,0,0
2024-01-29,97,66,51,37,12,3,9,11,10
2024-01-30,97,67,33,31,7,6,3,11,8
2024-01-31,90,64,42,32,5,6,6,9,7
2024-02-01,90,48,32,28,10,7,9,8,7
2024-02-02,77,36,34,39,9,10,7,8,5
2024-02-03,24,25,36,22,6,9,1,17,9
2024-02-04,0,0,0,0,0,3,0,0,0
2024-02-05,82,49,35,46,10,6,16,17,15
2024-02-06,112,45,39,41,4,4,12,19,6
2024-02-07,87,43,34,30,3,5,16,7,9
2024-02-08,89,49,25,31,11,1,6,10,5
2024-02-09,73,40,28,27,11,5,10,8,7
2024-02-10,37,18,19,23,8,3,3,7,3
2024-02-11,0,1,0,0,0,2,0,0,0
2024-02-12,82,43,56,53,8,4,11,16,10
2024-02-13,82,48,46,45,12,5,3,12,7
2024-02-14,83,49,38,44,10,8,8,17,8
2024-02-15,88,30,27,37,7,4,5,8,9
2024-02-16,86,31,36,23,9,4,7,12,1
2024-02-17,12,44,15,22,12,3,1,4,3
2024-02-18,0,2,0,0,0,2,0,0,0
2024-02-19,100,60,58,39,8,7,12,21,9
2024-02-20,115,36,34,31,7,4,13,13,5
2024-02-21,130,48,49,30,10,7,7,10,10
2024-02-22,81,38,24,32,11,6,6,17,7
2024-02-23,82,26,26,29,10,12,11,10,8
2024-02-24,17,20,23,18,12,4,3,12,2
2024-02-25,0,1,0,0,0,2,0,0,0
2024-02-26,107,42,33,47,12,3,14,14,8
2024-02-27,97,59,42,46,4,5,13,14,13
2024-02-28,79,46,38,26,13,3,6,11,7
2024-02-29,90,46,26,22,10,1,4,8,10
2024-03-01,73,37,37,26,4,4,7,8,7
2024-03-02,36,21,25,13,11,5,2,4,4
2024-03-03,0,0,0,0,1,2,0,0,0
2024-03-04,86,39,37,36,9,15,23,16,4
2024-03-05,99,38,34,45,5,4,8,18,9
2024-03-06,105,46,37,37,9,8,7,9,6
2024-03-07,75,45,31,32,5,4,10,9,8
2024-03-08,49,39,28,32,3,4,6,9,11
2024-03-09,11,25,20,16,7,9,1,5,0
2024-03-10,0,1,0,0,0,2,0,0,0
2024-03-11,88,52,31,42,6,4,8,17,6
2024-03-12,123,58,42,32,10,4,7,10,6
2024-03-13,80,50,24,36,5,2,12,11,10
2024-03-14,71,46,24,31,6,2,8,13,7
2024-03-15,58,47,25,13,9,9,5,6,8
2024-03-16,44,14,23,13,9,4,4,9,1
2024-03-17,0,1,0,0,0,1,0,0,0
2024-03-18,97,62,36,33,8,5,9,19,14
2024-03-19,84,53,43,39,12,7,10,7,9
2024-03-20,89,48,28,32,10,5,6,9,4
2024-03-21,84,50,30,33,9,4,6,11,7
2024-03-22,97,53,30,23,3,4,6,12,9
2024-03-23,42,17,21,19,6,6,2,9,6
2024-03-24,0,1,0,0,1,2,0,0,0
2024-03-25,91,68,23,37,11,7,10,18,13
2024-03-26,103,54,46,23,8,2,10,11,3
2024-03-27,63,43,43,37,7,3,3,11,3
2024-03-28,70,41,33,6,13,8,9,15,4
2024-03-29,0,35,30,0,8,5,6,5,10
2024-03-30,43,5,25,13,3,4,4,11,1
2024-03-31,0,2,1,1,0,2,1,0,0
2024-04-01,0,0,4,45,0,2,0,0,3
2024-04-02,91,55,50,31,14,4,16,11,8
2024-04-03,108,37,39,38,11,3,6,16,10
2024-04-04,105,42,39,34,8,1,9,5,12
2024-04-05,90,46,39,29,5,7,5,10,14
2024-04-06,32,22,13,27,9,6,0,3,3
2024-04-07,0,0,0,1,0,1,0,0,0
2024-04-08,102,57,57,41,7,5,13,17,9
2024-04-09,112,34,34,35,6,6,9,6,8
2024-04-10,86,39,33,38,6,4,10,11,10
2024-04-11,97,45,34,38,3,2,2,10,6
2024-04-12,71,46,26,34,9,6,13,10,6
2024-04-13,47,13,16,20,7,10,1,10,8
2024-04-14,0,1,0,0,0,2,0,0,0
2024-04-15,84,55,45,53,13,4,14,16,8
2024-04-16,109,42,31,27,5,4,14,13,7
2024-04-17,89,43,41,25,10,4,9,15,3
2024-04-18,92,41,36,37,12,4,5,7,3
2024-04-19,74,42,23,41,5,6,6,20,3
2024-04-20,41,12,27,18,11,8,3,0,7
2024-04-21,0,0,0,0,0,0,0,0,0
2024-04-22,103,63,30,47,6,6,12,16,10
2024-04-23,105,29,43,41,2,3,13,13,8
2024-04-24,98,43,37,44,6,9,15,8,8
2024-04-25,86,3,25,36,8,8,6,14,3
2024-04-26,89,38,34,31,7,6,9,11,4
2024-04-27,50,13,18,16,5,8,0,6,0
2024-04-28,0,1,0,0,2,0,0,0,0
2024-04-29,91,41,51,46,9,6,7,17,13
2024-04-30,86,48,29,54,3,4,6,20,7
2024-05-01,0,4,0,23,0,0,0,0,6
2024-05-02,120,50,34,13,7,6,5,12,4
2024-05-03,104,48,25,20,0,1,9,13,10
2024-05-04,46,16,11,18,7,7,0,9,6
2024-05-05,0,1,0,0,0,0,0,0,0
2024-05-06,133,54,67,40,5,4,11,11,13
2024-05-07,95,53,40,38,5,4,10,16,3
2024-05-08,102,45,4,33,8,2,8,10,12
2024-05-09,0,36,2,35,7,3,0,0,0
2024-05-10,124,44,46,37,14,7,7,6,10
2024-05-11,49,14,15,22,9,5,1,2,3
2024-05-12,0,1,0,0,3,0,0,0,0
2024-05-13,101,46,48,51,13,4,14,10,7
2024-05-14,92,41,46,39,6,8,11,29,9
2024-05-15,81,41,43,32,5,4,7,18,9
2024-05-16,73,59,38,35,6,9,7,17,7
2024-05-17,93,45,26,30,4,6,7,16,4
2024-05-18,37,18,26,17,4,7,1,12,8
2024-05-19,0,0,0,0,1,0,0,0,0
2024-05-20,0,58,37,47,11,7,0,0,4
2024-05-21,120,47,52,48,5,3,21,20,12
2024-05-22,112,50,34,45,6,5,10,17,10
2024-05-23,96,43,41,36,7,6,10,11,5
2024-05-24,88,51,36,43,9,7,13,11,18
2024-05-25,51,16,12,23,5,0,0,3,4
2024-05-26,0,0,0,0,2,0,0,0,0
2024-05-27,107,39,44,49,7,6,18,15,11
2024-05-28,105,46,42,40,2,3,10,15,9
2024-05-29,95,57,34,34,10,5,6,16,4
2024-05-30,88,49,33,30,0,6,0,14,10
2024-05-31,97,48,36,24,12,5,8,14,11
2024-06-01,35,21,19,17,4,6,2,9,2
2024-06-02,0,1,0,0,0,0,0,0,0
2024-06-03,107,46,41,46,8,8,13,8,11
2024-06-04,109,44,41,36,4,7,18,12,5
2024-06-05,113,53,59,40,6,4,8,11,4
2024-06-06,96,62,33,38,7,0,11,10,6
2024-06-07,100,54,38,38,10,14,2,5,10
2024-06-08,31,19,13,13,5,6,1,6,4
2024-06-09,0,0,0,0,0,1,0,0,0
2024-06-10,95,52,45,59,11,10,21,18,9
2024-06-11,112,54,38,36,6,3,4,12,4
2024-06-12,91,43,27,48,7,6,7,17,9
2024-06-13,79,47,31,41,7,4,11,15,6
2024-06-14,76,44,30,41,8,9,7,15,5
2024-06-15,35,27,23,17,8,0,0,11,6
2024-06-16,0,0,0,0,0,0,0,0,0
2024-06-17,119,62,48,43,8,8,10,21,10
2024-06-18,105,54,39,39,10,5,9,16,7
2024-06-19,98,52,35,45,6,6,10,14,10
2024-06-20,82,43,27,33,5,6,7,9,10
2024-06-21,109,46,27,33,6,0,8,11,6
2024-06-22,38,25,9,20,10,0,0,4,4
2024-06-23,0,2,0,0,0,0,0,0,0
2024-06-24,122,50,49,47,9,4,18,20,8
2024-06-25,95,64,35,44,10,9,15,18,10
2024-06-26,99,57,36,39,9,4,4,13,6
2024-06-27,63,49,26,31,12,7,10,10,7
2024-06-28,75,52,28,21,5,5,11,8,8
2024-06-29,29,16,16,17,4,3,0,10,6
2024-06-30,0,2,0,2,0,0,0,0,0
2024-07-01,80,53,53,36,9,3,18,9,13
2024-07-02,135,56,25,42,11,7,7,21,6
2024-07-03,89,54,31,45,11,4,8,9,9
2024-07-04,100,52,43,36,4,4,9,16,8
2024-07-05,92,56,35,31,12,6,6,14,6
2024-07-06,42,13,8,21,5,7,0,0,3
2024-07-07,0,4,0,0,0,0,0,0,0
2024-07-08,152,58,55,43,7,6,13,23,9
2024-07-09,89,51,32,48,8,8,5,14,6
2024-07-10,97,64,42,43,5,8,8,11,9
2024-07-11,98,42,28,35,10,9,7,10,8
2024-07-12,95,52,34,32,8,7,13,10,8
2024-07-13,33,13,23,17,8,4,0,0,2
2024-07-14,0,0,0,0,0,0,0,0,0
2024-07-15,105,66,47,29,5,5,21,21,9
2024-07-16,101,56,32,35,12,2,5,11,11
2024-07-17,118,66,31,32,10,4,16,12,11
2024-07-18,99,62,33,34,11,7,12,9,6
2024-07-19,79,32,22,36,6,5,3,12,11
2024-07-20,35,18,17,16,9,3,0,11,7
2024-07-21,0,0,0,0,0,0,0,0,0
2024-07-22,125,51,29,45,11,1,17,9,12
2024-07-23,126,47,35,33,6,9,7,11,3
2024-07-24,108,45,31,43,8,9,8,12,11
2024-07-25,100,46,30,28,6,0,4,7,12
2024-07-26,77,49,38,39,10,5,3,10,10
2024-07-27,35,17,15,16,10,4,0,5,1
2024-07-28,0,2,0,0,1,1,0,0,0
2024-07-29,117,56,43,37,9,9,15,11,5
2024-07-30,81,45,35,50,7,6,10,12,7
2024-07-31,95,50,28,41,8,7,10,12,6
2024-08-01,76,67,37,32,9,4,4,14,10
2024-08-02,81,37,26,35,4,4,10,15,5
2024-08-03,55,14,23,15,9,5,0,0,5
2024-08-04,0,1,0,0,0,0,0,0,0
2024-08-05,108,54,33,34,8,6,23,16,13
2024-08-06,99,50,31,51,4,4,11,25,10
2024-08-07,87,39,36,31,11,7,7,13,8
2024-08-08,88,42,44,32,9,7,7,13,3
2024-08-09,68,30,34,37,8,3,6,8,10
2024-08-10,51,30,18,17,12,2,0,7,6
2024-08-11,0,0,1,0,0,0,0,0,0
2024-08-12,93,58,51,32,8,8,10,9,2
2024-08-13,97,60,45,33,11,4,11,16,9
2024-08-14,90,38,34,45,4,4,8,10,7
2024-08-15,68,0,0,28,0,2,0,0,7
2024-08-16,66,40,38,27,14,4,10,22,7
2024-08-17,28,16,22,20,9,5,0,8,0
2024-08-18,0,0,0,0,0,1,0,0,0
2024-08-19,119,44,35,48,8,6,4,12,7
2024-08-20,101,56,42,41,11,5,12,17,10
2024-08-21,83,47,49,43,7,5,5,12,2
2024-08-22,84,61,33,35,4,3,8,15,7
2024-08-23,83,50,31,48,6,4,7,17,13
2024-08-24,27,11,26,19,7,4,0,13,2
2024-08-25,0,0,0,0,0,0,1,0,0
2024-08-26,100,61,57,41,8,4,11,17,11
2024-08-27,76,62,30,44,11,2,9,9,9
2024-08-28,92,42,39,37,12,3,9,17,8
2024-08-29,67,54,36,39,5,5,4,20,7
2024-08-30,92,48,36,38,8,5,9,11,4
2024-08-31,30,9,17,14,3,8,0,8,7
2024-09-01,0,0,0,0,0,0,0,0,0
2024-09-02,100,66,53,42,7,12,11,14,9
2024-09-03,104,57,49,36,11,1,7,19,3
2024-09-04,111,57,48,42,11,5,4,10,13
2024-09-05,78,46,43,44,6,3,11,14,9
2024-09-06,99,54,37,42,11,6,4,10,8
2024-09-07,55,26,29,16,10,4,4,3,7
2024-09-08,0,0,0,0,0,0,0,0,0
2024-09-09,127,55,51,46,7,6,8,27,14
2024-09-10,119,62,46,51,12,3,7,13,6
2024-09-11,95,53,45,28,5,5,4,12,6
2024-09-12,86,51,52,42,10,7,7,8,6
2024-09-13,89,46,43,43,10,6,12,12,13
2024-09-14,52,13,14,18,2,3,0,12,4
2024-09-15,0,0,1,0,0,2,0,0,0
2024-09-16,106,76,71,58,11,5,13,15,12
